id,lat1,lon1,lat2,lon2,street,speed,signed,region,distance,location
88,40.86518964,-73.8499436269999,40.8652651470001,-73.849942111,bouck avenue,25,no,Bronx,0.00521089634526533,40.86518964 -73.8499436269999
17966,40.616372118178795,-74.15675716601041,40.6163562568358,-74.15692852643029,goethals road north,30,yes,Staten Island,0.00907654997582087,40.6163721181788 -74.1567571660104
18134,40.6096651350001,-74.0615928439999,40.609565376,-74.061523485,harbor view place south,25,no,Staten Island,0.00779006995449465,40.6096651350001 -74.0615928439999
16711,40.556991622000105,-74.208128394,40.5570481820001,-74.208079524,arthur kill road,25,no,Staten Island,0.0046739116841850396,40.5569916220001 -74.208128394
1834,40.8945625228422,-73.8802036884494,40.8947252578644,-73.8801063719115,jerome avenue,30,yes,Bronx,0.0123315232495755,40.8945625228422 -73.8802036884494
11081,40.7685018500804,-73.8361300625523,40.7686901753114,-73.8353733936672,31 road,25,no,Queens,0.0417689667735962,40.7685018500804 -73.8361300625523
15703,40.6570849407175,-73.80584688462599,40.6573757032262,-73.8057629473021,north service road,25,no,Queens,0.0205422056439963,40.6570849407175 -73.805846884626
4986,40.6644795128193,-73.8959223116653,40.6629531078997,-73.89553211921191,georgia avenue,25,no,Brooklyn,0.107301392367392,40.6644795128193 -73.8959223116653
3787,40.601484662787,-73.9930525577293,40.5997727286286,-73.99482440022591,bay 31 street,25,no,Brooklyn,0.150457291493918,40.601484662787 -73.9930525577293
7319,40.850618108,-73.941886368,40.8509675990001,-73.94147862300001,haven avenue,25,no,Manhattan,0.032218600528225,40.850618108 -73.941886368
2875,40.811005969250104,-73.9058390027677,40.8110895504424,-73.9059118568467,union avenue,25,no,Bronx,0.00691751916038577,40.8110059692501 -73.9058390027677
5468,40.6435156324405,-73.9806285261855,40.643032727978,-73.9818908613741,louisa street,25,no,Brooklyn,0.0742455464200165,40.6435156324405 -73.9806285261855
5143,40.660888481,-73.884816657,40.6594350550001,-73.883741141,hendrix street,25,no,Brooklyn,0.115116319431754,40.660888481 -73.884816657
5274,40.699210739384206,-73.9312817893231,40.70072641808979,-73.9297887312649,jefferson street,25,no,Brooklyn,0.130713248771057,40.6992107393842 -73.9312817893231
19884,40.5842744810001,-74.154349978,40.584555955999996,-74.154062244,turf court,25,no,Staten Island,0.0246237543074325,40.5842744810001 -74.154349978
6121,40.6661613592594,-73.89541067566209,40.6646088686044,-73.8950171449252,sheffield avenue,25,no,Brooklyn,0.10910177245707002,40.6661613592594 -73.8954106756621
2797,40.8243387936005,-73.87437145727691,40.8265367249899,-73.8748761927821,stratford avenue,25,no,Bronx,0.15395545824614598,40.8243387936005 -73.8743714572769
8713,40.70186316025671,-73.7505317538373,40.7019757571755,-73.7500987095877,113 road,25,no,Queens,0.0240314741457478,40.7018631602567 -73.7505317538373
10334,40.7220362982366,-73.7547153073655,40.7199235839063,-73.75313451234791,210 place,25,no,Queens,0.167749329803889,40.7220362982366 -73.7547153073655
17649,40.612021395999996,-74.122133439,40.6117461970001,-74.12310285,garden street,25,no,Staten Island,0.0543980551953619,40.612021396 -74.122133439
6575,40.6642093133092,-73.8977595690488,40.66268118438921,-73.8973702480385,williams avenue,25,no,Brooklyn,0.10740944278485101,40.6642093133092 -73.8977595690488
9915,40.7282208334248,-73.79390211529041,40.7269970153001,-73.7936630763898,176 street,25,no,Queens,0.0853736052438637,40.7282208334248 -73.7939021152904
7067,40.7180804440573,-73.9875135226309,40.71794983461721,-73.987108447297,delancey street,25,no,Manhattan,0.0230977900397022,40.7180804440573 -73.9875135226309
7141,40.734680932579,-73.9945866563491,40.73392975675289,-73.9927942355655,east 12 street,25,no,Manhattan,0.107415098731351,40.734680932579 -73.9945866563491
11400,40.7454531793208,-73.8630644070967,40.745736526919295,-73.8621238448395,46 avenue,25,no,Queens,0.0530916169284257,40.7454531793208 -73.8630644070967
2428,40.843868897431705,-73.85019862226859,40.8442613273984,-73.8482517474202,poplar street,25,no,Bronx,0.105553149464127,40.8438688974317 -73.8501986222686
917,40.8115151617953,-73.9034186249695,40.810721162951396,-73.9032441555933,east 149 street,25,yes,Bronx,0.05554696332899501,40.8115151617953 -73.9034186249695
17113,40.5952432510001,-74.07050645899992,40.594739403000105,-74.0720838949999,diaz street,25,no,Staten Island,0.0899591909241754,40.5952432510001 -74.0705064589999
2369,40.787338627,-73.88378019899992,40.787302039000004,-73.88344151300001,rikers is br approach,25,no,Bronx,0.0179415407231494,40.787338627 -73.8837801989999
10284,40.7067757680873,-73.7537262959318,40.7050064688735,-73.75293913823059,204 street,25,no,Queens,0.128892951837667,40.7067757680873 -73.7537262959318
15902,40.5674179010001,-73.86993648100001,40.567163104,-73.869798804,rockaway beach boulevard,25,no,Queens,0.0190152133708148,40.5674179010001 -73.869936481
8806,40.6835197070001,-73.74812594799991,40.6830946260001,-73.746792473,130 drive,25,no,Queens,0.0759388896130091,40.6835197070001 -73.7481259479999
8372,40.720336370926795,-74.0054994383483,40.7206369018716,-74.0052099357899,west broadway,25,no,Manhattan,0.0257106621125043,40.7203363709268 -74.0054994383483
1237,40.8528291631354,-73.90475759138971,40.8528721822055,-73.9045980318737,east burnside avenue,25,no,Bronx,0.00887154205781678,40.8528291631354 -73.9047575913897
6514,40.581546175016,-73.9846475721277,40.579060940809796,-73.9841506975966,west 16 street,25,no,Brooklyn,0.173463735817951,40.581546175016 -73.9846475721277
6650,40.7447372390001,-74.00844448,40.745462139000004,-74.00831073099991,11 avenue,35,yes,Manhattan,0.0505100973990187,40.7447372390001 -74.00844448
4927,40.643921063906,-73.91392303561959,40.643482399793,-73.91458314789391,foster avenue,25,yes,Brooklyn,0.0460428333877736,40.643921063906 -73.9139230356196
17974,40.6156908277695,-74.11858280135509,40.6155080000942,-74.1207455305818,governor road,25,no,Staten Island,0.11441762437446701,40.6156908277695 -74.1185828013551
11497,40.7524460700001,-73.7628433469999,40.753168771999995,-73.760189391,54 avenue,25,no,Queens,0.14792308408047303,40.7524460700001 -73.7628433469999
3205,40.684864866999995,-73.9780443339999,40.6844315930001,-73.97839006399991,4 avenue,25,yes,Brooklyn,0.0349801826389186,40.684864867 -73.9780443339999
18374,40.556344402272394,-74.1366681703997,40.5552908806696,-74.135387094239,kelvin avenue,25,no,Staten Island,0.0991460834397835,40.5563444022724 -74.1366681703997
3158,40.890230493942205,-73.84741496063191,40.891940671724704,-73.84807143424929,wickham avenue,25,no,Bronx,0.122914766600374,40.8902304939422 -73.8474149606319
7924,40.7210358582183,-73.9915068893315,40.7207741653955,-73.9906306429897,rivington street,25,no,Manhattan,0.0494192889053844,40.7210358582183 -73.9915068893315
6545,40.612052282287,-73.978470966262,40.6108527305691,-73.97826202677109,west 4 street,25,no,Brooklyn,0.0834963505962862,40.612052282287 -73.978470966262
5053,40.6956323099832,-73.9183936428523,40.696216118379205,-73.9178196676435,grove street,25,no,Brooklyn,0.0503138705460624,40.6956323099832 -73.9183936428523
9648,40.663691511554106,-73.8560905045731,40.6637209427673,-73.8559808106658,155 avenue,25,no,Queens,0.00611103872091312,40.6636915115541 -73.8560905045731
17611,40.562875913,-74.13311127299991,40.561698208,-74.13123917899999,fairbanks avenue,25,no,Staten Island,0.127706577578166,40.562875913 -74.1331112729999
11911,40.745077822,-73.90242984299991,40.74464082,-73.902627017,62 street,25,no,Queens,0.0318803542213018,40.745077822 -73.9024298429999
3066,40.8058252100001,-73.92503885100001,40.806479300999996,-73.92454587600001,willis avenue,25,no,Bronx,0.0520117744018323,40.8058252100001 -73.925038851
13982,40.7096888205826,-73.7471243611004,40.709708235147,-73.7470498990336,connector,25,no,Queens,0.00413296930393498,40.7096888205826 -73.7471243611004
6887,40.7528069797584,-73.96520190474399,40.7533226447243,-73.9648130639717,beekman place,25,no,Manhattan,0.0410173251285985,40.7528069797584 -73.965201904744
9657,40.7716071983136,-73.8090625562919,40.7698629937822,-73.8092928771645,155 street,25,no,Queens,0.120960226800313,40.7716071983136 -73.8090625562919
8550,40.7122112300643,-73.7343819479685,40.711928812364896,-73.7332726926806,103 avenue,25,no,Queens,0.0614162781743834,40.7122112300643 -73.7343819479685
4943,40.7024202273117,-73.9932553260724,40.7024882151591,-73.9931229710483,front street,25,no,Brooklyn,0.008385496138905641,40.7024202273117 -73.9932553260724
13721,40.667587211880395,-73.7373991167758,40.6664051546742,-73.7385660563784,brookville boulevard,25,no,Queens,0.102038821803531,40.6675872118804 -73.7373991167758
15201,40.670330139,-73.857286995,40.6703302430001,-73.857286265,linden boulevard,35,yes,Queens,3.90187635401517e-05,40.670330139 -73.857286995
11994,40.7277612978457,-73.8665572444212,40.7281938402735,-73.8663015941432,63 avenue,25,no,Queens,0.0327247362441339,40.7277612978457 -73.8665572444212
9089,40.6768665543481,-73.7660586658747,40.677435195677795,-73.76367891225199,133 avenue,25,no,Queens,0.131029489006385,40.6768665543481 -73.7660586658747
13720,40.7765316978796,-73.7443221401546,40.7758817956084,-73.744059339367,brookside street,25,no,Queens,0.0469162002338436,40.7765316978796 -73.7443221401546
10727,40.6861669256631,-73.7266307227296,40.685469698367896,-73.726990244704,238 street,25,no,Queens,0.0516836376543971,40.6861669256631 -73.7266307227296
4988,40.677401335303394,-73.8991594816247,40.6773208900471,-73.89912704038059,georgia avenue,25,no,Brooklyn,0.00580659823843074,40.6774013353034 -73.8991594816247
3010,40.8866172958516,-73.9070371506439,40.886374861111,-73.9077825393327,west 236 street,25,no,Bronx,0.0424687966945385,40.8866172958516 -73.9070371506439
1589,40.8056557926807,-73.87929662773709,40.805725426287395,-73.879378995744,halleck street,25,no,Bronx,0.00646057785192263,40.8056557926807 -73.8792966277371
13753,40.7433491326564,-73.85054088985021,40.7428807207687,-73.8502891021603,carousel loop,25,no,Queens,0.0349185420916199,40.7433491326564 -73.8505408898502
1699,40.8393566120001,-73.843612961,40.840073845999996,-73.84330693899992,lane avenue,25,no,Bronx,0.0520253561828175,40.8393566120001 -73.843612961
15854,40.686838605,-73.86701943299991,40.686170479,-73.8660429299999,rockaway boulevard,25,no,Queens,0.0689655824015789,40.686838605 -73.8670194329999
607,40.813109985337604,-73.8540404334192,40.8131536932884,-73.85422943763841,compton avenue,25,no,Bronx,0.0103576714120111,40.8131099853376 -73.8540404334192
10476,40.721836887962105,-73.74682760281159,40.7209352618529,-73.7463425471708,214 street,25,no,Queens,0.0672240869468327,40.7218368879621 -73.7468276028116
14216,40.763879808000105,-73.737318667,40.764579671,-73.73527146,deepdale avenue,25,no,Queens,0.117764107722871,40.7638798080001 -73.737318667
5980,40.702658576432206,-73.965162812114,40.703130456105704,-73.9644267700793,ross street,25,no,Brooklyn,0.0505388185597921,40.7026585764322 -73.965162812114
9106,40.674639546078296,-73.80451270080042,40.6722870194304,-73.8044937296019,134 street,25,no,Queens,0.162331587232886,40.6746395460783 -73.8045127008004
795,40.832934298778895,-73.8603787877508,40.8324210314056,-73.8585866142808,cross bronx expressway sr south,25,no,Bronx,0.100385327104324,40.8329342987789 -73.8603787877508
16620,40.5477600990001,-74.153865599,40.547436196,-74.15463049,beth place,25,no,Staten Island,0.0460474335590378,40.5477600990001 -74.153865599
9702,40.738308334562,-73.8094209226375,40.7369665838408,-73.8095133621519,159 street,25,no,Queens,0.0927112592437313,40.738308334562 -73.8094209226375
3375,40.633941883,-74.0178713139999,40.6330711630001,-74.01640779899999,67 street,25,no,Brooklyn,0.09761394522130198,40.633941883 -74.0178713139999
16025,40.5838523371157,-73.8229447027358,40.5838342490514,-73.82301139106279,rockaway beach boulevard,25,no,Queens,0.0037236315832683397,40.5838523371157 -73.8229447027358
9927,40.708036215598895,-73.7828104005795,40.7080045648588,-73.782792434823,178 place,25,no,Queens,0.00237900462439388,40.7080362155989 -73.7828104005795
18997,40.5625987450001,-74.12683590099991,40.5620462360001,-74.127422322,peel place,25,no,Staten Island,0.0490479410971627,40.5625987450001 -74.1268359009999
16506,40.7396651866991,-73.8530664469589,40.740045936271,-73.8528798133527,westside avenue,25,no,Queens,0.0280393119044586,40.7396651866991 -73.8530664469589
6699,40.746135817813794,-74.0081784989385,40.7468294226398,-74.0080565068023,11 avenue,35,yes,Manhattan,0.0482868539699217,40.7461358178138 -74.0081784989385
14792,40.566696144911205,-73.8858153833732,40.5663527999418,-73.8856508281232,heinzelman road,25,no,Queens,0.0252237838691495,40.5666961449112 -73.8858153833732
14851,40.604674038,-73.760743084,40.604743752,-73.759967477,ives court,25,no,Queens,0.0410720407792901,40.604674038 -73.760743084
12570,40.753500062078295,-73.8868891667016,40.751600265839706,-73.8865441975567,80 street,20,yes,Queens,0.13233504772864801,40.7535000620783 -73.8868891667016
251,40.873779681387205,-73.8261050274251,40.8741654923436,-73.8258868977621,benchley place,25,no,Bronx,0.0289706666925737,40.8737796813872 -73.8261050274251
9396,40.6646842479797,-73.78086161826909,40.6643354522194,-73.7800649781162,145 road,25,no,Queens,0.0482840456395359,40.6646842479797 -73.7808616182691
6976,40.7972123691555,-73.9191906526265,40.7972754422079,-73.91923238296809,central road,25,no,Manhattan,0.0048714136008179,40.7972123691555 -73.9191906526265
1968,40.866856238000004,-73.800443312,40.867316214,-73.8004565099999,park drive,25,no,Bronx,0.0317477601038531,40.866856238 -73.800443312
17126,40.625234326,-74.074841128,40.6253652090001,-74.0745188769999,dock street,25,no,Staten Island,0.0191988017162123,40.625234326 -74.074841128
17079,40.629852584,-74.1236156689999,40.629226234,-74.12515747899991,disosway place,25,no,Staten Island,0.0918567167271196,40.629852584 -74.1236156689999
13310,40.7505676282935,-73.83635466193809,40.7511543693787,-73.8369546392452,avenue of enterprise,25,no,Queens,0.0512876729806411,40.7505676282935 -73.8363546619381
9916,40.6747653783196,-73.7657150403168,40.673447742919,-73.7652265087963,176 street,25,no,Queens,0.0944722921024147,40.6747653783196 -73.7657150403168
10568,40.7380949847957,-73.7529742729443,40.7377180213696,-73.7527470151626,220 street,25,no,Queens,0.0286158538658596,40.7380949847957 -73.7529742729443
118,40.8518110325531,-73.889519797001,40.8529876641495,-73.88891390305409,adams place,25,no,Bronx,0.0871779467851259,40.8518110325531 -73.889519797001
19927,40.614923767,-74.070655711,40.614522072000106,-74.070375506,vermont avenue,20,yes,Staten Island,0.0313901266899274,40.614923767 -74.070655711
10887,40.6653257559789,-73.7343018192735,40.6649283455668,-73.73503486386791,245 street,25,no,Queens,0.0472807426066663,40.6653257559789 -73.7343018192735
11367,40.7683930042338,-73.90803221181709,40.7668362471951,-73.9092917501141,43 street,25,no,Queens,0.12611728739830197,40.7683930042338 -73.9080322118171
16698,40.59910675,-74.1309299959999,40.598863277000106,-74.1309205749999,bradley avenue,25,yes,Staten Island,0.0168071585783634,40.59910675 -74.1309299959999
10002,40.783576991000096,-73.777321638,40.7839379580001,-73.776442808,18 avenue,25,no,Queens,0.0523935966417432,40.7835769910001 -73.777321638
2105,40.847204286848395,-73.90859333301592,40.847270985068,-73.908840050328,morris avenue,25,no,Bronx,0.0137227302910012,40.8472042868484 -73.9085933330159
7206,40.728420716742704,-73.9942542300486,40.7278754613835,-73.99314801626791,east 4 street,25,no,Manhattan,0.0691921952479939,40.7284207167427 -73.9942542300486
9318,40.6715207143096,-73.764547884877,40.671659198213504,-73.7638150920928,140 avenue,25,no,Queens,0.0396674698764707,40.6715207143096 -73.764547884877
5031,40.7118484984095,-73.954304297905,40.7114280455679,-73.9531290116945,grand street,25,no,Brooklyn,0.0681896713095744,40.7118484984095 -73.954304297905
15449,40.730301915900704,-73.7317299983407,40.7291627734433,-73.7321696319229,lyman street,25,no,Queens,0.0819212568200573,40.7303019159007 -73.7317299983407
11397,40.747780267745206,-73.9575557553937,40.7476287778459,-73.95650569528159,46 avenue,25,no,Queens,0.0560877778138663,40.7477802677452 -73.9575557553937
3866,40.5756444630001,-73.9566310559999,40.5756889560001,-73.955171825,brightwater avenue,25,no,Brooklyn,0.0768359072517745,40.5756444630001 -73.9566310559999
13015,40.772591646587294,-73.8763379562317,40.772437277958105,-73.87624140861409,94 street,25,no,Queens,0.0117946718054687,40.7725916465873 -73.8763379562317
10540,40.7520628851941,-73.76053649126601,40.7502494814285,-73.75968296269849,219 street,25,no,Queens,0.13290421888564,40.7520628851941 -73.760536491266
8837,40.7877368320001,-73.8364032389999,40.7871644510001,-73.836433045,132 street,25,no,Queens,0.0395270140802297,40.7877368320001 -73.8364032389999
10886,40.7565100983624,-73.7334216761694,40.756032634798295,-73.7331947727206,245 place,25,no,Queens,0.0350315597561551,40.7565100983624 -73.7334216761694
4642,40.6443958582823,-73.91938577583291,40.644111918929994,-73.91909773107541,east 83 street,25,no,Brooklyn,0.0247599902988407,40.6443958582823 -73.9193857758329
2688,40.878000756999995,-73.90435663699999,40.87832151,-73.905218528,verveelen place,25,no,Bronx,0.0502759203280942,40.878000757 -73.904356637
2450,40.8071939661287,-73.8515434028058,40.8076729792247,-73.8516696406414,pugsley avenue,25,no,Bronx,0.0337096949152458,40.8071939661287 -73.8515434028058
6715,40.7485068084425,-74.0078326700416,40.7486396086311,-74.0078496069738,12 avenue,35,yes,Manhattan,0.00920657194864221,40.7485068084425 -74.0078326700416
431,40.8045977410001,-73.912727143,40.8047327780001,-73.91248694,bruckner boulevard,25,yes,Bronx,0.0156668307178963,40.8045977410001 -73.912727143
17237,40.635865702340396,-74.158999460057,40.634653766957896,-74.1590487707841,bush avenue,25,no,Staten Island,0.0836653070183457,40.6358657023404 -74.158999460057
19393,40.613179863060296,-74.1881358270068,40.6134778291386,-74.1899581880199,river road,25,no,Staten Island,0.0980069396002839,40.6131798630603 -74.1881358270068
19561,40.5462777743998,-74.2010074889045,40.5464848558914,-74.20009206719509,rosedale avenue,25,no,Staten Island,0.0502580660521374,40.5462777743998 -74.2010074889045
18816,40.5822069752717,-74.11028861762559,40.581396942415,-74.1087776954342,midland avenue,25,yes,Staten Island,0.0971708665990259,40.5822069752717 -74.1102886176256
10519,40.684963988896996,-73.748346484003,40.6831415586361,-73.7493581115875,218 street,25,no,Queens,0.13651771720723502,40.684963988897 -73.748346484003
15419,40.759885759,-73.84894644100001,40.7598748940001,-73.849017854,marina road,25,no,Queens,0.0038211840655664603,40.759885759 -73.848946441
2796,40.8895589692711,-73.84523365770708,40.8897818734347,-73.8443811867423,strang avenue,25,no,Bronx,0.0472163079375527,40.8895589692711 -73.8452336577071
17401,40.606584426729995,-74.1774463466715,40.6065143632473,-74.1775585748683,connector,25,no,Staten Island,0.00762919599322167,40.60658442673 -74.1774463466715
9159,40.667339761,-73.783291046,40.667584536,-73.782841928,138 avenue,25,no,Queens,0.0290188389031779,40.667339761 -73.783291046
2212,40.8666268398569,-73.80056087558391,40.866567213905896,-73.8005521863343,park drive,25,no,Bronx,0.00413953662689904,40.8666268398569 -73.8005608755839
10912,40.7619767883981,-73.8969417552578,40.7620705076479,-73.8960249935586,25 avenue,20,yes,Queens,0.0485323015551159,40.7619767883981 -73.8969417552578
2505,40.8455186641551,-73.8342146585796,40.8454596767228,-73.833585688029,roberts avenue,25,no,Bronx,0.0332091233989542,40.8455186641551 -73.8342146585796
2442,40.8117957107036,-73.9046403656603,40.8122902380042,-73.9044669359004,prospect avenue,25,yes,Bronx,0.0353146758456792,40.8117957107036 -73.9046403656603
9454,40.66346331667879,-73.79200452598799,40.661891767591,-73.79250286641408,148 street,25,no,Queens,0.111556200586161,40.6634633166788 -73.792004525988
17377,40.6137166378126,-74.1680792501572,40.611848304355796,-74.16849278181641,commerce street,25,no,Staten Island,0.130738047519553,40.6137166378126 -74.1680792501572
18606,40.6185122033755,-74.1333348593163,40.6186185473082,-74.134022615851,lathrop avenue,25,no,Staten Island,0.0368988044526347,40.6185122033755 -74.1333348593163
15067,40.644785220661504,-73.7919493256008,40.644681324683496,-73.7903312347986,jfk terminal 4 access ramp,25,no,Queens,0.0853466631244869,40.6447852206615 -73.7919493256008
14019,40.722288226220705,-73.752749398366,40.7223250930287,-73.75270747916679,connector,25,no,Queens,0.0033636793305496,40.7222882262207 -73.752749398366
1748,40.8267960660856,-73.8909070192435,40.8286379855546,-73.8908789972679,hoe avenue,20,yes,Bronx,0.12710761732860698,40.8267960660856 -73.8909070192435
4439,40.6495500159206,-73.8994703529744,40.6480781359972,-73.8978332217258,east 103 street,25,no,Brooklyn,0.133108206749145,40.6495500159206 -73.8994703529744
2811,40.8352132806684,-73.86597956040829,40.8375949498471,-73.86638641280271,taylor avenue,25,no,Bronx,0.165721508363109,40.8352132806684 -73.8659795604083
7058,40.7908345876462,-73.9636919151498,40.7908832481634,-73.9636508584003,cpw 96 approach,25,no,Manhattan,0.0039887994725085795,40.7908345876462 -73.9636919151498
14031,40.7161172483124,-73.7486813987275,40.7161266219461,-73.7486148857683,connector,25,no,Queens,0.0035515008754577397,40.7161172483124 -73.7486813987275
3544,40.65577011,-73.894709312,40.654841196999996,-73.894412549,anna court,25,no,Brooklyn,0.0659663621357751,40.65577011 -73.894709312
13052,40.6803236589098,-73.8420214160554,40.6781940310298,-73.84097730136129,97 street,25,no,Queens,0.15685097406669798,40.6803236589098 -73.8420214160554
5064,40.6826658721324,-74.00667928681959,40.6824881427137,-74.00642842273349,hamilton avenue,25,no,Brooklyn,0.0180013578602881,40.6826658721324 -74.0066792868196
18205,40.5961355492163,-74.11078728180759,40.5960913871079,-74.1109558138597,helena road,25,no,Staten Island,0.00937342172910569,40.5961355492163 -74.1107872818076
3331,40.6552395804424,-74.0165457058196,40.6550014399645,-74.01613555561141,43 street,25,no,Brooklyn,0.0271030336302481,40.6552395804424 -74.0165457058196
5697,40.6004356548816,-73.9418919971179,40.6002064851413,-73.9418461316936,nostrand avenue,25,yes,Brooklyn,0.0159958505840612,40.6004356548816 -73.9418919971179
5498,40.6148120111654,-73.9445750875702,40.6134571456308,-73.9429806210588,marine parkway,25,no,Brooklyn,0.12557575616354802,40.6148120111654 -73.9445750875702
4488,40.584645457322004,-73.9445323823635,40.5837235497021,-73.9439504589465,east 23 street,25,no,Brooklyn,0.0705951115683155,40.584645457322 -73.9445323823635
6391,40.6465262541834,-73.95810815136998,40.64658400055121,-73.9568471399835,tilden avenue,25,no,Brooklyn,0.06639521483923999,40.6465262541834 -73.95810815137
13267,40.592452329911204,-73.7860246818936,40.5924927391487,-73.7865152009157,arverne boulevard,25,no,Queens,0.0259514516542254,40.5924523299112 -73.7860246818936
2104,40.8109580866465,-73.92714442767321,40.811616824756705,-73.9267081242805,morris avenue,25,no,Bronx,0.0508863235564789,40.8109580866465 -73.9271444276732
5291,40.6925769856395,-74.0003897611785,40.6928962116909,-74.0002380671331,joralemon street,25,no,Brooklyn,0.0234237990356503,40.6925769856395 -74.0003897611785
7588,40.763169755,-73.9997688449999,40.763560238000004,-73.99929046300001,joe dimaggio highway,35,yes,Manhattan,0.0368231617262749,40.763169755 -73.9997688449999
10862,40.7337037787065,-73.7252470977753,40.733378931892204,-73.7251583373873,241 street,25,no,Queens,0.0228942967812991,40.7337037787065 -73.7252470977753
11109,40.737349667,-73.93434196399991,40.736883971,-73.9356364769999,34 street,25,no,Queens,0.0751600202070051,40.737349667 -73.9343419639999
19663,40.5861151204165,-74.09107770297359,40.5860544548493,-74.0911299706715,simpson street,20,yes,Staten Island,0.00500821509952957,40.5861151204165 -74.0910777029736
13398,40.5713918461568,-73.8532432365861,40.573305458680004,-73.8543440031732,beach 137 street,25,no,Queens,0.14418423346506198,40.5713918461568 -73.8532432365861
7382,40.7564221150001,-73.953581237,40.756319642,-73.953347,ed koch queensboro bridge,35,yes,Manhattan,0.0141795339670282,40.7564221150001 -73.953581237
10771,40.772157824000004,-73.928993781,40.7711411160001,-73.92681621299991,28 avenue,25,no,Queens,0.134056433314145,40.772157824 -73.928993781
13851,40.5897966860001,-73.791643461,40.5902637020001,-73.791211279,compass place,25,no,Queens,0.0394364053377088,40.5897966860001 -73.791643461
9621,40.6731207220001,-73.766715103,40.6712083890001,-73.766505829,174 street,25,no,Queens,0.132411610391226,40.6731207220001 -73.766715103
8575,40.69978876603879,-73.8442749183528,40.6989290753166,-73.84384527084259,105 street,25,no,Queens,0.0634667029017044,40.6997887660388 -73.8442749183528
13076,40.7142314329344,-73.74675267579529,40.714370022058894,-73.7455028366865,99 avenue,25,yes,Queens,0.0663150251759451,40.7142314329344 -73.7467526757953
10655,40.667684633639,-73.7477311687584,40.667662971668896,-73.7478112695744,228 street,25,no,Queens,0.00446610277057861,40.667684633639 -73.7477311687584
1993,40.865807946000096,-73.800988573,40.86662684,-73.800560876,park drive,25,no,Bronx,0.060786678339461,40.8658079460001 -73.800988573
9060,40.6765397739914,-73.7300805940441,40.6761980873719,-73.7290799211015,131 road,25,no,Queens,0.05761438534315401,40.6765397739914 -73.7300805940441
6075,40.700097922381204,-73.98778138660171,40.70008017516,-73.9868687078246,sands street,25,no,Brooklyn,0.0479453613194056,40.7000979223812 -73.9877813866017
14154,40.6806959026938,-73.84455859690159,40.680602749117604,-73.84454940672971,cross bay boulevard,30,yes,Queens,0.0064458744109557,40.6806959026938 -73.8445585969016
2969,40.8473184989496,-73.9218936423777,40.847334273058294,-73.9219884453105,west 174 street,25,no,Bronx,0.0050854719729306105,40.8473184989496 -73.9218936423777
10462,40.746510440304604,-73.7640521470889,40.7452453253115,-73.76345221834521,213 street,25,no,Queens,0.0928002132834072,40.7465104403046 -73.7640521470889
19301,40.5365053255604,-74.204996019051,40.535667144822895,-74.2081266661127,ramona avenue,25,no,Staten Island,0.17466286432907,40.5365053255604 -74.204996019051
16567,40.752758176248896,-73.9103563495659,40.7516469478484,-73.909844605644,woodside avenue,25,no,Queens,0.0812440363893752,40.7527581762489 -73.9103563495659
17778,40.5227386862414,-74.18402456997791,40.522417884577706,-74.1849744977748,edith avenue,25,no,Staten Island,0.0546971415852635,40.5227386862414 -74.1840245699779
196,40.8332193586865,-73.821496153025,40.833351237070005,-73.8209497852044,barkley avenue,25,no,Bronx,0.0300467020153445,40.8332193586865 -73.821496153025
14004,40.7431027229124,-73.8514573727595,40.7431273247663,-73.8513524290713,connector,25,no,Queens,0.00576328228220882,40.7431027229124 -73.8514573727595
8311,40.7579196903415,-73.97765627042051,40.7584448053835,-73.97891316920742,west 49 street,25,no,Manhattan,0.075247789827887,40.7579196903415 -73.9776562704205
12364,40.749113388000104,-73.708553943,40.7490652700001,-73.708481343,77 avenue,25,no,Queens,0.00505359888335928,40.7491133880001 -73.708553943
3470,40.6306250038409,-74.0396115176574,40.6302671941757,-74.0381125888249,80 street,25,no,Brooklyn,0.0825761224822841,40.6306250038409 -74.0396115176574
12473,40.69507360886,-73.86681574105359,40.6943893713724,-73.86658246141141,76 street,25,no,Queens,0.0487775220411031,40.69507360886 -73.8668157410536
1431,40.8781627989741,-73.84004096142121,40.880325842963295,-73.84127925323492,ely avenue,25,no,Bronx,0.16274050813841198,40.8781627989741 -73.8400409614212
14730,40.7292714780963,-73.7528127996709,40.7297933169081,-73.7519766343142,grand central parkway sr north,25,no,Queens,0.0567724981305531,40.7292714780963 -73.7528127996709
13508,40.58359347356,-73.815321140758,40.5836292683761,-73.8153023449273,beach 94 street,25,no,Queens,0.00266043994068276,40.58359347356 -73.815321140758
5704,40.6631908535751,-73.9624515890695,40.6627263582349,-73.9628085398822,ocean avenue,25,no,Brooklyn,0.0371354868941973,40.6631908535751 -73.9624515890695
2506,40.8424963862992,-73.82420230029591,40.843630815409895,-73.82319063493979,robertson place,25,no,Bronx,0.0945423861657121,40.8424963862992 -73.8242023002959
11664,40.7513880842927,-73.76870436071759,40.7513713811844,-73.76857498244941,53 avenue,25,no,Queens,0.0068862539704316,40.7513880842927 -73.7687043607176
13407,40.56886075641879,-73.8597607421645,40.5706482893871,-73.8607951405832,beach 145 street,25,no,Queens,0.134815808861831,40.5688607564188 -73.8597607421645
19212,40.6419412172135,-74.09179267569141,40.6419143202897,-74.091926084721,pendleton place,25,no,Staten Island,0.0072535478791016595,40.6419412172135 -74.0917926756914
1034,40.821076448919,-73.8989348111925,40.8210122202378,-73.8978652780601,east 163 street,25,no,Bronx,0.0562401773009288,40.821076448919 -73.8989348111925
3054,40.897555034,-73.9110022199999,40.8978463180001,-73.911359086,west 249 street,25,no,Bronx,0.0274436329402791,40.897555034 -73.9110022199999
3531,40.5851273500001,-73.973319723,40.585275703,-73.9720671469999,atwater court,25,no,Brooklyn,0.0666828323363985,40.5851273500001 -73.973319723
14185,40.599843821,-73.7756524049999,40.59986257,-73.77524728299991,delmore court,25,no,Queens,0.0213462530811465,40.599843821 -73.7756524049999
9893,40.6923364358779,-73.7764088670755,40.690738737203,-73.77549080135941,174 street,25,no,Queens,0.12032821199593902,40.6923364358779 -73.7764088670755
8866,40.678389612,-73.7736027289999,40.6783747910001,-73.77365112699991,127 avenue,25,no,Queens,0.00274042981000006,40.678389612 -73.7736027289999
9910,40.6792975045763,-73.7670054271587,40.6780562872679,-73.76653718973951,176 street,25,no,Queens,0.08910850504791802,40.6792975045763 -73.7670054271587
5626,40.6735750608405,-73.90787853026991,40.673145416028206,-73.907762749751,mother gaston boulevard,25,no,Brooklyn,0.030263830087207,40.6735750608405 -73.9078785302699
4932,40.66046050285,-73.86718209607679,40.6603749917126,-73.8670514560598,fountain avenue,25,no,Brooklyn,0.00905198099596642,40.66046050285 -73.8671820960768
12579,40.695699676399,-73.8636879664265,40.6954471386746,-73.86359929866859,80 street,25,no,Queens,0.0180371085300909,40.695699676399 -73.8636879664265
8365,40.790998614094796,-73.9651784953912,40.7921927977595,-73.9680174734276,west 95 street,25,no,Manhattan,0.17016814024112803,40.7909986140948 -73.9651784953912
12137,40.71123819059,-73.85574598778709,40.7123123939019,-73.85507212308,69 avenue,25,no,Queens,0.0821342138222561,40.71123819059 -73.8557459877871
6703,40.8213017182997,-73.9579122619413,40.8213491989064,-73.95777837806959,12 avenue,25,no,Manhattan,0.00774526937360748,40.8213017182997 -73.9579122619413
7966,40.8416887429412,-73.939335987166,40.841719783041604,-73.9392323600853,st nicholas avenue,25,no,Manhattan,0.00583759866319919,40.8416887429412 -73.939335987166
14529,40.7193416703818,-73.9068394625711,40.7197843697529,-73.90614090607791,flushing avenue,25,yes,Queens,0.0477298850127879,40.7193416703818 -73.9068394625711
10880,40.7675072700445,-73.742600501412,40.766849506799396,-73.7424975820977,244 street,25,no,Queens,0.0457076086810943,40.7675072700445 -73.742600501412
7032,40.7289164851077,-73.97534878541809,40.7289492869801,-73.97543007873509,connector,25,no,Manhattan,0.00483040736456569,40.7289164851077 -73.9753487854181
91,40.884625429,-73.799252509,40.884360267,-73.7993765969999,beech tree lane,25,no,Bronx,0.0194170688522436,40.884625429 -73.799252509
4171,40.6550252700001,-73.90610344899991,40.655003242000106,-73.905585355,connector,35,no,Brooklyn,0.0272686560821541,40.6550252700001 -73.9061034489999
5808,40.7065767610001,-73.957598893,40.7068925230001,-73.9571059849999,rodney street,25,no,Brooklyn,0.0338325714646489,40.7065767610001 -73.957598893
11946,40.734855822,-73.78112892,40.7348896350001,-73.781156143,71 crescent,25,no,Queens,0.00273595178266106,40.734855822 -73.78112892
3706,40.688422587,-74.00106804800001,40.687984762,-73.99973789599991,baltic street,25,no,Brooklyn,0.0761179227593687,40.688422587 -74.001068048
20208,40.5961472493961,-74.1133244050972,40.5960556093789,-74.1132177131269,whitlock avenue,25,no,Staten Island,0.00845423305571786,40.5961472493961 -74.1133244050972
19858,40.5392172900001,-74.203406065,40.538577735,-74.203151308,vernon avenue,25,no,Staten Island,0.0461221810211061,40.5392172900001 -74.203406065
2269,40.7874350660001,-73.885149769,40.787380762000105,-73.8847671459999,rikers is br approach,25,no,Bronx,0.0204142024402918,40.7874350660001 -73.885149769
7719,40.7105669159305,-73.9941443877532,40.710095062337295,-73.9941035891093,market slip,25,no,Manhattan,0.0326293445530359,40.7105669159305 -73.9941443877532
6265,40.6791526282912,-73.9265656024206,40.6792607411903,-73.9264910477236,sumpter street,25,no,Brooklyn,0.008425572105006591,40.6791526282912 -73.9265656024206
3957,40.679966107350005,-73.9554382458783,40.6800833582605,-73.9543697928316,brevoort place,25,no,Brooklyn,0.0567072183579093,40.67996610735 -73.9554382458783
689,40.809355184,-73.8919074149999,40.8112382510001,-73.89239583399991,craven street,25,no,Bronx,0.132437270192124,40.809355184 -73.8919074149999
5581,40.6974136520185,-73.9360082168057,40.698708341217,-73.93476297143391,melrose street,25,no,Brooklyn,0.11071439356838,40.6974136520185 -73.9360082168057
15811,40.746987749185294,-73.8157520850906,40.7472266082215,-73.8153745631855,poplar avenue,25,no,Queens,0.0257713006918123,40.7469877491853 -73.8157520850906
7946,40.847157605739,-73.9407885676383,40.8473957426195,-73.9406917637139,south pinehurst avenue,25,no,Manhattan,0.0171974599123419,40.847157605739 -73.9407885676383
3828,40.5861430308762,-73.9188913006929,40.5875300022079,-73.9204347648525,beacon court,25,no,Brooklyn,0.12550360185723197,40.5861430308762 -73.9188913006929
3845,40.6229037521065,-73.8965391971262,40.6230250193892,-73.8964627898259,belt parkway,50,yes,Brooklyn,0.00928192578136786,40.6229037521065 -73.8965391971262
2931,40.8225538758608,-73.9115719910545,40.8227662336748,-73.911469836164,washington avenue,25,no,Bronx,0.0156012133680131,40.8225538758608 -73.9115719910545
14255,40.753290608,-73.9463854919999,40.7530122200001,-73.945760456,ed koch queensboro bridge,35,yes,Queens,0.0380093848846224,40.753290608 -73.9463854919999
10529,40.7299101658215,-73.7482359132567,40.7293638276786,-73.74765759881909,218 street,25,no,Queens,0.0484018375708302,40.7299101658215 -73.7482359132567
6533,40.5902487282962,-73.9729771409822,40.5888769150376,-73.9727471051947,west 3 street,25,no,Brooklyn,0.0954264692373379,40.5902487282962 -73.9729771409822
3012,40.8830312905617,-73.9002783326788,40.8834753290233,-73.90159907523709,west 236 street,25,no,Bronx,0.0756518235864441,40.8830312905617 -73.9002783326788
9547,40.6829504190001,-73.7750477239999,40.6813474570001,-73.77413935999991,170 street,25,no,Queens,0.12046080708114501,40.6829504190001 -73.7750477239999
9918,40.6665021933216,-73.7714956872761,40.66557014584561,-73.77077993574541,177 place,25,no,Queens,0.0745012724141657,40.6665021933216 -73.7714956872761
8366,40.7916723007361,-73.96468684771979,40.7926086325824,-73.96691665827709,west 96 street,25,no,Manhattan,0.133600007267086,40.7916723007361 -73.9646868477198
17823,40.5339412855619,-74.2366663868443,40.5338721852532,-74.2361961061653,englewood avenue,25,no,Staten Island,0.0252131865345001,40.5339412855619 -74.2366663868443
5792,40.6990452260001,-73.93890295399991,40.700257398000105,-73.93772938800001,park street,25,no,Brooklyn,0.103896096729861,40.6990452260001 -73.9389029539999
17813,40.6117461971293,-74.1231028497167,40.611628332881295,-74.12306381644191,elvin street,25,no,Staten Island,0.00838776922953394,40.6117461971293 -74.1231028497167
12810,40.6705292030001,-73.84247611,40.670425993,-73.842054522,albert road,25,no,Queens,0.0232664213652848,40.6705292030001 -73.84247611
2151,40.8502836770501,-73.8469374988665,40.850809928835204,-73.8473000632473,newport avenue,25,no,Bronx,0.0409824739621875,40.8502836770501 -73.8469374988665
14445,40.746112626096895,-73.9400823803975,40.747679988840495,-73.94070682735821,ed koch br upper roadway appr,25,no,Queens,0.113007877061864,40.7461126260969 -73.9400823803975
4023,40.7268987445814,-73.9587787020754,40.7270768076486,-73.9571855467755,calyer street,25,no,Brooklyn,0.0845293158461365,40.7268987445814 -73.9587787020754
1805,40.8805563194187,-73.92232998713921,40.8804818591505,-73.9223057998727,independence avenue,25,no,Bronx,0.0052919299556582295,40.8805563194187 -73.9223299871392
3246,40.66065955879171,-73.98696561157371,40.660525238748896,-73.98697340689709,18 street,25,no,Brooklyn,0.00927734849805943,40.6606595587917 -73.9869656115737
8489,40.7007789620001,-73.741598664,40.7005806880001,-73.740986401,115 court,25,no,Queens,0.0349426987979154,40.7007789620001 -73.741598664
9228,40.668692052,-73.856217368,40.668677486,-73.856142099,149 avenue,25,no,Queens,0.0040803483911168795,40.668692052 -73.856217368
936,40.8200021997418,-73.91800943268909,40.8195353481779,-73.9162021227297,east 154 street,25,no,Bronx,0.100068659736062,40.8200021997418 -73.9180094326891
4800,40.7033126299739,-73.934231551245,40.7026828491342,-73.9339523549172,evergreen avenue,25,no,Brooklyn,0.045862862886587995,40.7033126299739 -73.934231551245
11677,40.72897359925221,-73.89559031973741,40.7290909670745,-73.8946268841233,54 avenue,25,no,Queens,0.0512176753505082,40.7289735992522 -73.8955903197374
15675,40.742578558000005,-73.78227110599991,40.7423826350001,-73.78225702899991,peck avenue,25,no,Queens,0.0135393693625309,40.742578558 -73.7822711059999
10125,40.733432730236395,-73.782132449353,40.7315086172289,-73.7812160671677,189 street,25,no,Queens,0.141213289716445,40.7334327302364 -73.782132449353
6145,40.583249062894,-73.9740519126656,40.583438057220604,-73.9730864940464,shore parkway,30,yes,Brooklyn,0.0524352917974537,40.583249062894 -73.9740519126656
10614,40.7538355658587,-73.7567895370075,40.753154994907206,-73.756439081998,223 street,25,no,Queens,0.0504334908376153,40.7538355658587 -73.7567895370075
15971,40.7524574492519,-73.9450638142436,40.7521057405875,-73.9442449230647,queens plaza south,25,no,Queens,0.0493504866637889,40.7524574492519 -73.9450638142436
6554,40.5798434616065,-73.9761371014461,40.57975590541079,-73.9761446782343,west 8 street,25,no,Brooklyn,0.00605457095496031,40.5798434616065 -73.9761371014461
5263,40.678068974004,-73.8977579673563,40.678120240756606,-73.8976174150117,jamaica avenue,25,no,Brooklyn,0.00818724397996132,40.678068974004 -73.8977579673563
2615,40.843083229007895,-73.84754697391371,40.843130725802396,-73.84760442800192,silver street,25,no,Bronx,0.0044504354599411,40.8430832290079 -73.8475469739137
15062,40.6444372387876,-73.7922264274077,40.64441720279171,-73.7913363611841,jfk terminal 1 access ramp,25,no,Queens,0.046801521204538996,40.6444372387876 -73.7922264274077
9885,40.6921224655794,-73.77728233181409,40.6920429816983,-73.77727053001091,173 street,25,no,Queens,0.0055194627351602705,40.6921224655794 -73.7772823318141
3184,40.809493961577104,-73.8909905356846,40.8113771068681,-73.89148228318079,worthen street,25,no,Bronx,0.13247641443400598,40.8094939615771 -73.8909905356846
13467,40.5929721803219,-73.7941712688889,40.5950660700432,-73.7944007210164,beach 65 street,25,no,Queens,0.144983323784593,40.5929721803219 -73.7941712688889
18931,40.580738323015204,-74.1075573549879,40.580199317044894,-74.1083109832652,north railroad avenue,25,no,Staten Island,0.0543615471737052,40.5807383230152 -74.1075573549879
11168,40.7707431640001,-73.737401551,40.7720605590001,-73.736375019,43 avenue,25,no,Queens,0.105657560339425,40.7707431640001 -73.737401551
7736,40.7153929936918,-74.0142903410264,40.715837381090296,-74.0153842835578,murray street,25,no,Manhattan,0.0651084071135019,40.7153929936918 -74.0142903410264
1146,40.8692381311349,-73.8960386137909,40.8691387713373,-73.8958189274015,east 196 street,25,no,Bronx,0.0133953408104519,40.8692381311349 -73.8960386137909
17181,40.640987255,-74.116966093,40.640930938000004,-74.116924113,connector,30,no,Staten Island,0.00446871646045385,40.640987255 -74.116966093
3198,40.842049672354605,-73.8373712447871,40.842032891005104,-73.837023387919,zulette avenue,25,no,Bronx,0.0182657607790767,40.8420496723546 -73.8373712447871
7599,40.755944298,-74.005849649,40.756406489,-74.0055176589999,joe dimaggio highway,35,yes,Manhattan,0.0363398441439454,40.755944298 -74.005849649
2881,40.835905680402895,-73.85586033029,40.8359621047674,-73.85607684836779,unionport road,20,yes,Bronx,0.0119967901863942,40.8359056804029 -73.85586033029
20286,40.5407587447203,-74.2234855434231,40.540783393339,-74.22396589471029,woodrow road,25,no,Staten Island,0.0253429905363988,40.5407587447203 -74.2234855434231
7918,40.82115166191971,-73.95752482591,40.8212314030069,-73.957454021386,riverside drive,25,yes,Manhattan,0.0066371974377874106,40.8211516619197 -73.95752482591
7951,40.708929430349,-73.9980207697427,40.7092128247122,-73.9960627891663,south street,25,no,Manhattan,0.104653553688136,40.708929430349 -73.9980207697427
11582,40.744324577817004,-73.95845869361379,40.7438797947168,-73.9562091420382,49 avenue,25,no,Queens,0.121982503812089,40.744324577817 -73.9584586936138
631,40.892582479198104,-73.90553480978359,40.8925813640388,-73.905591806117,connector,25,no,Bronx,0.00298553476611115,40.8925824791981 -73.9055348097836
3049,40.846835387000105,-73.7822810099999,40.846753709,-73.782713868,windward lane,25,no,Bronx,0.0233715360399133,40.8468353870001 -73.7822810099999
16922,40.5727597806394,-74.1269550813119,40.5723079549482,-74.1261178691443,belfast avenue,25,no,Staten Island,0.0539665414887123,40.5727597806394 -74.1269550813119
11593,40.726107125343596,-73.9194261356076,40.725953810719794,-73.919474793427,49 street,25,no,Queens,0.0108830730528618,40.7261071253436 -73.9194261356076
6065,40.630128023000005,-73.88747749899991,40.6304132060001,-73.887022299,shore parkway,25,no,Brooklyn,0.0309817111510729,40.630128023 -73.8874774989999
11803,40.7190459526087,-73.90782000239109,40.71903329015421,-73.9077861168358,59 avenue,25,no,Queens,0.0019819871703514102,40.7190459526087 -73.9078200023911
18714,40.5252348472105,-74.20961356111691,40.5277560587951,-74.21068289010329,maguire avenue,25,no,Staten Island,0.18284759441376702,40.5252348472105 -74.2096135611169
13171,40.5908416460001,-73.798891628,40.592683814000004,-73.799081352,beach 70 street,25,no,Queens,0.127502216580993,40.5908416460001 -73.798891628
5999,40.663391405988605,-73.9032851889602,40.6618585673191,-73.9028936016584,sackman street,25,no,Brooklyn,0.107751201651124,40.6633914059886 -73.9032851889602
10274,40.7200118757475,-73.7619713200203,40.718501786328396,-73.7608462375638,202 street,25,no,Queens,0.119776939155521,40.7200118757475 -73.7619713200203
10395,40.748681176999995,-73.75794398800001,40.74697415200011,-73.75713511,220 street,25,no,Queens,0.125204508311561,40.748681177 -73.757943988
5760,40.636146828,-74.029827866,40.6350622080001,-74.03026908300001,perry terrace,25,no,Brooklyn,0.0783516115692886,40.636146828 -74.029827866
657,40.866685217,-73.894148058,40.8669891110001,-73.8936857779999,connector,25,no,Bronx,0.0320337647551221,40.866685217 -73.894148058
1448,40.7947725138405,-73.88417921170121,40.7950356833501,-73.88421209721051,executive road,25,no,Bronx,0.0182412505520212,40.7947725138405 -73.8841792117012
18467,40.612889265,-74.1624167419999,40.6110958780001,-74.16280772,morgan lane,25,no,Staten Island,0.125441844504419,40.612889265 -74.1624167419999
4734,40.655673175077,-73.9631543912621,40.6556160618318,-73.96315501359291,east drive,25,no,Brooklyn,0.00394103910418795,40.655673175077 -73.9631543912621
20216,40.6242112899192,-74.1551857320359,40.624266377891104,-74.15531668501691,wilcox street,25,yes,Staten Island,0.007864438520560721,40.6242112899192 -74.1551857320359
7723,40.7299962372366,-74.0004999254312,40.7302548768611,-74.00102063559379,minetta lane,25,no,Manhattan,0.0326435577640672,40.7299962372366 -74.0004999254312
16085,40.7318270806553,-73.8689011258862,40.7309920142701,-73.8672140184122,saunders street,25,no,Queens,0.10565374800454302,40.7318270806553 -73.8689011258862
10024,40.7354832790001,-73.7843305369999,40.73538948,-73.78435902699991,188 street,25,no,Queens,0.00664286603935414,40.7354832790001 -73.7843305369999
3917,40.6399026483886,-74.0277071332775,40.639718958263394,-74.0278977850547,bergen place,25,no,Brooklyn,0.0161578593071229,40.6399026483886 -74.0277071332775
17474,40.5629728823927,-74.1754009852672,40.5620475285706,-74.17525269425641,crossfield avenue,25,no,Staten Island,0.0643249257750438,40.5629728823927 -74.1754009852672
8857,40.6973198900001,-73.74426038199991,40.697151498000004,-73.743351654,116 road,25,no,Queens,0.049118399710315994,40.6973198900001 -73.7442603819999
3503,40.6197042385598,-74.0375268999464,40.6192831570921,-74.0357129403998,93 street,25,no,Brooklyn,0.0997030654883473,40.6197042385598 -74.0375268999464
6301,40.6813226140001,-73.947632765,40.680300098000004,-73.947731663,verona place,25,no,Brooklyn,0.0707465209926029,40.6813226140001 -73.947632765
10516,40.7288317527832,-73.7460442672291,40.7281467328855,-73.74531853502229,218 place,25,no,Queens,0.0607088903287493,40.7288317527832 -73.7460442672291
5446,40.689932180226,-73.92280844355479,40.6913609709321,-73.9214116498277,linden street,25,no,Brooklyn,0.12289053836022999,40.689932180226 -73.9228084435548
14944,40.5869975352081,-73.8097905826692,40.586988863944995,-73.8100249379005,holland avenue,25,no,Queens,0.0123425677427195,40.5869975352081 -73.8097905826692
9800,40.738092340788995,-73.80273193433129,40.7367082886566,-73.8028241589078,166 street,25,no,Queens,0.0956257120818644,40.738092340789 -73.8027319343313
9456,40.6733061608507,-73.78988753718001,40.6715761467219,-73.7903110414214,148 street,25,no,Queens,0.121429853023545,40.6733061608507 -73.78988753718
14951,40.7239217646778,-73.7547106281929,40.723759988332894,-73.7545713052215,hollis court boulevard,25,no,Queens,0.0133456294853281,40.7239217646778 -73.7547106281929
9782,40.6478045784186,-73.84679301558509,40.647939908400105,-73.8457813457324,165 avenue,25,no,Queens,0.0539835085398563,40.6478045784186 -73.8467930155851
8006,40.719134912646204,-74.0069377879485,40.7197857556082,-74.0068098872665,varick street,25,no,Manhattan,0.0454088971630713,40.7191349126462 -74.0069377879485
561,40.856582964832,-73.7943021418303,40.8565842256815,-73.7943058722182,city is bridge,25,no,Bronx,0.000213933639306624,40.856582964832 -73.7943021418303
9890,40.6818711529314,-73.7699575156268,40.681294257624,-73.7697880581723,174 place,25,no,Queens,0.0407900041696707,40.6818711529314 -73.7699575156268
8605,40.6780693193436,-73.8440300680332,40.678324755583,-73.8431134718093,108 avenue,25,no,Queens,0.0512757144586404,40.6780693193436 -73.8440300680332
17254,40.626483582651204,-74.07803496214379,40.62651525677379,-74.07813783739121,canal street,25,no,Staten Island,0.00583335817589098,40.6264835826512 -74.0780349621438
16054,40.7576080482729,-73.8371948751433,40.7581198335635,-73.8342459289065,roosevelt avenue,25,no,Queens,0.158710107999553,40.7576080482729 -73.8371948751433
7107,40.6899466988811,-74.01811634479341,40.68980057343779,-74.01833665711099,earlybird road,25,no,Manhattan,0.0153481874005706,40.6899466988811 -74.0181163447934
20107,40.5453613211681,-74.1895445448448,40.5446342471728,-74.1921376131603,vineland avenue,25,no,Staten Island,0.145419280398445,40.5453613211681 -74.1895445448448
3640,40.640008896093704,-73.901934043921,40.6404700342647,-73.9012179686343,avenue j,25,no,Brooklyn,0.0492861724318995,40.6400088960937 -73.901934043921
2419,40.894930394122504,-73.8531368638751,40.895145744880296,-73.8521563087666,pitman avenue,25,no,Bronx,0.0534510570874178,40.8949303941225 -73.8531368638751
10035,40.7493523420001,-73.7846456349999,40.7490054670001,-73.78447829999999,195 street,25,no,Queens,0.0254952680653655,40.7493523420001 -73.7846456349999
12454,40.772086492897394,-73.89500914185841,40.771711962137395,-73.89493689662041,75 street,25,no,Queens,0.0261201414025833,40.7720864928974 -73.8950091418584
13915,40.722782454047106,-73.8577459433206,40.7224072496949,-73.8567028898265,clyde street,25,no,Queens,0.0605700110233884,40.7227824540471 -73.8577459433206
19592,40.6172887602681,-74.1251596289137,40.617094503108895,-74.12769484923791,sawyer avenue,25,no,Staten Island,0.13397530302400698,40.6172887602681 -74.1251596289137
12128,40.7369534420478,-73.89684155279541,40.7361915256184,-73.89686599726791,68 street,25,no,Queens,0.0525898196337597,40.7369534420478 -73.8968415527954
3980,40.581158601388395,-73.96375755306859,40.580553601367704,-73.9635330346218,brighton 5 street,25,no,Brooklyn,0.0433842692398372,40.5811586013884 -73.9637575530686
10440,40.724232059,-73.73629969699991,40.7238348340001,-73.7358813439999,221 street,25,no,Queens,0.0351228403395291,40.724232059 -73.7362996969999
18748,40.536669533672104,-74.23878706287259,40.5372145579056,-74.2387623090333,marble loop,25,no,Staten Island,0.037629321376465,40.5366695336721 -74.2387870628726
9442,40.657955790227604,-73.75721628510341,40.6576465808251,-73.7564079978308,148 avenue,25,no,Queens,0.0475320512843482,40.6579557902276 -73.7572162851034
10574,40.7371180800354,-73.75246931081,40.7367729580056,-73.7523644246784,220 street,25,no,Queens,0.0244423136057672,40.7371180800354 -73.75246931081
8654,40.708701013341205,-73.74057792972759,40.708791363730505,-73.74014375323159,110 avenue,25,no,Queens,0.0236350773655066,40.7087010133412 -73.7405779297276
9733,40.7135197877081,-73.804023231287,40.7123986991407,-73.803777862958,161 street,25,no,Queens,0.0784230806614397,40.7135197877081 -73.804023231287
2831,40.8370971103434,-73.8251159701259,40.8362101539755,-73.8245726033429,throgs neck expressway,50,yes,Bronx,0.0675038648767539,40.8370971103434 -73.8251159701259
5096,40.5873378550001,-73.996164503,40.5867069400001,-73.995664746,hunter avenue,25,no,Brooklyn,0.050855687255186,40.5873378550001 -73.996164503
13602,40.597272575569,-73.7671545806194,40.5970566834193,-73.7672075749696,beach channel drive,30,yes,Queens,0.0151552632536638,40.597272575569 -73.7671545806194
17086,40.581347673,-74.10349672699991,40.582150593,-74.102558914,cascade street,25,no,Staten Island,0.0741855451063929,40.581347673 -74.1034967269999
12051,40.70720895173179,-73.8921564959255,40.7064058787284,-73.8918143101822,65 place,25,no,Queens,0.058254142241501994,40.7072089517318 -73.8921564959255
11433,40.712865074,-73.904895911,40.7110122670001,-73.90405417899991,60 street,25,no,Queens,0.135271443145984,40.712865074 -73.904895911
11274,40.7690184242609,-73.91194168256258,40.7658646691192,-73.91450044713791,38 street,20,yes,Queens,0.25569097229852394,40.7690184242609 -73.9119416825626
15144,40.793606805,-73.846474773,40.793621273,-73.847211192,ketch court,25,no,Queens,0.0386321229119142,40.793606805 -73.846474773
19405,40.515420809,-74.21182821799991,40.515810236,-74.209630347,sherwood avenue,25,no,Staten Island,0.118818165889362,40.515420809 -74.2118282179999
1973,40.8680251100001,-73.799289797,40.868112527,-73.79931378,park drive,25,no,Bronx,0.00616156832137811,40.8680251100001 -73.799289797
8101,40.8172289189795,-73.95227329237851,40.8176086765992,-73.95318719423359,west 133 street,25,no,Manhattan,0.0546078294316191,40.8172289189795 -73.9522732923785
14442,40.7515737781074,-73.94261560962259,40.7516277419268,-73.94259113457309,ed koch br upper roadway appr,25,no,Queens,0.00393891542894549,40.7515737781074 -73.9426156096226
18059,40.544008612,-74.149954596,40.54415908,-74.150965442,hilltop place,25,no,Staten Island,0.05421212304956201,40.544008612 -74.149954596
2226,40.8549446060088,-73.8602316577648,40.8556397118033,-73.8605729360921,paulding avenue,25,no,Bronx,0.0511895141433072,40.8549446060088 -73.8602316577648
9443,40.65472376708821,-73.7454811909042,40.654716812630895,-73.7433085700345,148 avenue,25,no,Queens,0.114174504412334,40.6547237670882 -73.7454811909042
14571,40.7861474983085,-73.8061647796808,40.785333671212,-73.8056753290531,francis lewis boulevard,25,yes,Queens,0.0617458763197312,40.7861474983085 -73.8061647796808
9039,40.681237340431,-73.7364008639087,40.6811110180591,-73.7362762727317,130 avenue,25,no,Queens,0.0109000570739218,40.681237340431 -73.7364008639087
1941,40.824728491,-73.87146133999991,40.826471059,-73.87188888,metcalf avenue,25,no,Bronx,0.122313991775789,40.824728491 -73.8714613399999
13954,40.5653119983501,-73.8910701256857,40.5652858820379,-73.89105034419799,connector,25,no,Queens,0.00208107116286485,40.5653119983501 -73.8910701256857
10563,40.6844689849557,-73.7460350779564,40.6836723906683,-73.74646603577891,220 street,25,no,Queens,0.0594455114908513,40.6844689849557 -73.7460350779564
1799,40.866702757926,-73.82250564202171,40.8667822759813,-73.82250336673701,hutchinson river parkway east,25,no,Bronx,0.00548836611575283,40.866702757926 -73.8225056420217
2557,40.8509385588674,-73.83000251560351,40.8509577279169,-73.8288687537899,sands place,25,no,Bronx,0.0594201861369122,40.8509385588674 -73.8300025156035
19312,40.6306346202916,-74.1261397046836,40.6299579137268,-74.12567975002041,raymond place,25,no,Staten Island,0.0525828968915946,40.6306346202916 -74.1261397046836
2816,40.858418088124296,-73.85311088695791,40.859779591555,-73.8530724301485,tenbroeck avenue,25,no,Bronx,0.0939707937717612,40.8584180881243 -73.8531108869579
370,40.865762604000004,-73.834636571,40.8675210480001,-73.835659068,bruner avenue,25,no,Bronx,0.132636125062045,40.865762604 -73.834636571
4791,40.6529019933324,-73.8667333919324,40.6528182637519,-73.86675741462301,erskine street,25,no,Brooklyn,0.005913791325095489,40.6529019933324 -73.8667333919324
5942,40.674668373846394,-74.0132329829158,40.674136322333496,-74.01385650897059,richards street,25,no,Brooklyn,0.049202132953253,40.6746683738464 -74.0132329829158
14088,40.5824063360836,-73.83636829386171,40.5823394481071,-73.8363320556798,connector,30,no,Queens,0.0049935475323673794,40.5824063360836 -73.8363682938617
1465,40.821474176791895,-73.8892252276621,40.821593799214504,-73.88934724318071,faile street,25,no,Bronx,0.0104424024447915,40.8214741767919 -73.8892252276621
5370,40.698648479,-73.9381786129999,40.699841134,-73.936964203,locust street,25,no,Brooklyn,0.10411516359104302,40.698648479 -73.9381786129999
12754,40.7107093440001,-73.801612592,40.7111394390001,-73.8004040129999,86 road,25,no,Queens,0.0700554733763113,40.7107093440001 -73.801612592
19049,40.636963445999996,-74.08324895300001,40.636033309,-74.083022381,pike street,20,yes,Staten Island,0.0652763817210235,40.636963446 -74.083248953
7504,40.706709712883,-74.01417956433541,40.7071192659414,-74.0139617503345,greenwich street,25,no,Manhattan,0.0304868079062752,40.706709712883 -74.0141795643354
8374,40.767703280881705,-73.9786365899067,40.7678308236336,-73.97886039069441,west drive,20,yes,Manhattan,0.014673366676531999,40.7677032808817 -73.9786365899067
8536,40.71284646978879,-73.746491260863,40.712952829909206,-73.7452306568693,102 avenue,25,no,Queens,0.0665941206718854,40.7128464697888 -73.746491260863
8016,40.7842516806706,-73.9270334108632,40.7842716132444,-73.92715220321159,wards meadow loop,25,no,Manhattan,0.00638055580670131,40.7842516806706 -73.9270334108632
13422,40.5976107557318,-73.7573587341183,40.597706805125,-73.7574180111322,beach 22 street,25,no,Queens,0.0073241901892494,40.5976107557318 -73.7573587341183
10799,40.764940927000104,-73.738920982,40.7636892040001,-73.738176074,247 street,25,no,Queens,0.0948028174514774,40.7649409270001 -73.738920982
8388,40.7049170393899,-74.01631621232329,40.704920103380104,-74.0163370019511,west street,25,no,Manhattan,0.00111197734436089,40.7049170393899 -74.0163162123233
6538,40.5774622393909,-73.99899146558359,40.5773976168066,-73.99898374400449,west 32 street,25,no,Brooklyn,0.00447746644061977,40.5774622393909 -73.9989914655836
7624,40.7071696918279,-74.0152262124197,40.7070074235538,-74.0150575193889,hugh l carey tunnel approach,25,no,Manhattan,0.0142770801487405,40.7071696918279 -74.0152262124197
4153,40.661229705,-73.88489755599991,40.661239665,-73.884618178,connector,35,no,Brooklyn,0.0146962558836342,40.661229705 -73.8848975559999
16121,40.5802161307699,-73.82873076900971,40.580181711017204,-73.828856159684,shore front parkway,25,no,Queens,0.00701121730663811,40.5802161307699 -73.8287307690097
12421,40.7302053188205,-73.8875610331152,40.7298942577139,-73.8874527007815,74 street,25,no,Queens,0.0222044888585217,40.7302053188205 -73.8875610331152
9218,40.7914879410001,-73.811326557,40.7909967910001,-73.8111300099999,151 place,25,no,Queens,0.0354237540754051,40.7914879410001 -73.811326557
19974,40.5323273160001,-74.224314826,40.5322951630001,-74.2244645169999,veterans road west,25,no,Staten Island,0.00818707443540836,40.5323273160001 -74.224314826
966,40.852296480999996,-73.89048484399991,40.852111517,-73.8899717039999,east 182 street,25,no,Bronx,0.0297620126931129,40.852296481 -73.8904848439999
19785,40.5076438417899,-74.2491811716737,40.507380280175795,-74.2500312963072,summit road,25,no,Staten Island,0.0483253470925881,40.5076438417899 -74.2491811716737
8691,40.687086683903395,-73.796069485918,40.6874789429989,-73.7947797528832,112 avenue,25,no,Queens,0.0729508951440944,40.6870866839034 -73.796069485918
14292,40.6044246960001,-73.819756256,40.604389633000004,-73.819311022,east 12 road,25,no,Queens,0.0235397389575963,40.6044246960001 -73.819756256
17940,40.55426514721879,-74.15582543239779,40.5541912382351,-74.1567412453122,genesee avenue,25,no,Staten Island,0.0484681001429932,40.5542651472188 -74.1558254323978
1528,40.8123178867611,-73.89635980306241,40.8129645442784,-73.8958199930981,garrison avenue,25,no,Bronx,0.052839475818961,40.8123178867611 -73.8963598030624
16681,40.6188284130001,-74.086042713,40.6189807860001,-74.0866712279999,baring place,25,no,Staten Island,0.0346789796072956,40.6188284130001 -74.086042713
6209,40.68981444637971,-73.9779408473922,40.6875433650343,-73.97749921821429,st felix street,25,no,Brooklyn,0.158416544065368,40.6898144463797 -73.9779408473922
19642,40.611845901367296,-74.1384373805806,40.61077333931821,-74.13833752975309,sheraden avenue,25,no,Staten Island,0.0741939172489545,40.6118459013673 -74.1384373805806
9158,40.6664644640001,-73.78412050600001,40.6654819780001,-73.78400481599991,153 court,25,no,Queens,0.0680651637719062,40.6664644640001 -73.784120506
15161,40.764594564,-73.73049335600001,40.764686978,-73.73048727299991,leeds road,25,no,Queens,0.0063848126531255295,40.764594564 -73.730493356
5532,40.7030021410001,-73.9947106779999,40.702894255,-73.9943844219999,old fulton street,25,no,Brooklyn,0.0186801875813715,40.7030021410001 -73.9947106779999
7630,40.7339736598566,-73.9887807609234,40.734667262883896,-73.9882874477075,irving place,25,no,Manhattan,0.0544157658666183,40.7339736598566 -73.9887807609234
7303,40.6879093100001,-74.014733185,40.6881303700001,-74.014794384,evans road,25,no,Manhattan,0.015588592536860001,40.6879093100001 -74.014733185
912,40.8107499223711,-73.90622683809809,40.810496044656794,-73.9050708621306,east 147 street,25,no,Bronx,0.0630872171477056,40.8107499223711 -73.9062268380981
19801,40.5358820666041,-74.17002926094159,40.534910585655,-74.1723113239085,sycamore street,25,no,Staten Island,0.137573664331199,40.5358820666041 -74.1700292609416
15768,40.78807660794921,-73.8228467647663,40.7876391938937,-73.8226705417121,parsons boulevard,25,no,Queens,0.0315662793651326,40.7880766079492 -73.8228467647663
1915,40.8446060834041,-73.8502724961787,40.8460270068409,-73.8513858271941,lurting avenue,25,no,Bronx,0.114092874655814,40.8446060834041 -73.8502724961787
8858,40.700222268000104,-73.741886004,40.700037288000004,-73.74128666,115 terrace,25,no,Queens,0.0339644268793164,40.7002222680001 -73.741886004
6427,40.6763785858031,-73.8912528364492,40.6752325743239,-73.8909604866371,van siclen avenue,25,no,Brooklyn,0.0805545315148966,40.6763785858031 -73.8912528364492
11730,40.746660245773796,-73.82334125969129,40.7458461488807,-73.82096083607371,56 road,25,no,Queens,0.136971812228946,40.7466602457738 -73.8233412596913
20134,40.5987233286187,-74.06906456557721,40.5980894639576,-74.068719875222,wallace avenue,25,no,Staten Island,0.0473456143495228,40.5987233286187 -74.0690645655772
17755,40.5581403510964,-74.1297253016813,40.5577929492852,-74.1300732170053,durant avenue,25,no,Staten Island,0.0301636756205548,40.5581403510964 -74.1297253016813
11043,40.7722818085587,-73.81599595065259,40.772252668725706,-73.8156634712921,29 avenue,25,no,Queens,0.0175569580841423,40.7722818085587 -73.8159959506526
4554,40.6331908820536,-73.9351982190226,40.632436993872204,-73.9351176046937,east 43 street,25,no,Brooklyn,0.0521915871534683,40.6331908820536 -73.9351982190226
12652,40.724607140707,-73.8744405360019,40.7242880738356,-73.87417904192921,83 street,25,no,Queens,0.0259454103384679,40.724607140707 -73.8744405360019
1641,40.8259548730001,-73.88783410399999,40.8260209050001,-73.886351742,lowell street,25,no,Bronx,0.0778336101653895,40.8259548730001 -73.887834104
10199,40.761284959733096,-73.78716748728971,40.7596728098524,-73.7869444401338,195 street,25,no,Queens,0.11185677408369199,40.7612849597331 -73.7871674872897
15799,40.6766188109095,-73.86171442308209,40.6766188495803,-73.8617137881607,pitkin avenue,25,no,Queens,3.3461309138396695e-05,40.6766188109095 -73.8617144230821
2363,40.8422503040001,-73.84405715799991,40.8429138270001,-73.8428380869999,roberts avenue,25,no,Bronx,0.0785965267734039,40.8422503040001 -73.8440571579999
7111,40.7244497836307,-73.9741466238676,40.7244239020415,-73.97408585667691,east 10 street,20,yes,Manhattan,0.00365592276017824,40.7244497836307 -73.9741466238676
19648,40.5456881258064,-74.1986060778082,40.5454605973288,-74.19962992178341,shift place,25,no,Staten Island,0.0561318531904395,40.5456881258064 -74.1986060778082
9397,40.6624874668232,-73.7761700080394,40.6632366668388,-73.774507630123,145 road,25,no,Queens,0.10150045094279699,40.6624874668232 -73.7761700080394
240,40.872773322930605,-73.88863329389142,40.872729930641796,-73.8885812995873,bedford park boulevard,25,no,Bronx,0.004047542527820021,40.8727733229306 -73.8886332938914
16969,40.586917295896605,-74.1472098273716,40.5866279192431,-74.14726097631291,bogota street,25,no,Staten Island,0.0201476746228188,40.5869172958966 -74.1472098273716
15208,40.76622576,-73.728586535,40.7661954220001,-73.728443268,leith place,25,no,Queens,0.00780233732761898,40.76622576 -73.728586535
18464,40.613590134,-74.1670838319999,40.6116941290001,-74.1675346489999,nadal place,25,no,Staten Island,0.132956740872401,40.613590134 -74.1670838319999
1491,40.8969899108558,-73.90191561231559,40.8985104908665,-73.90101357161899,fieldston road,25,no,Bronx,0.11506685554838199,40.8969899108558 -73.9019156123156
10992,40.7518200223762,-73.7150994265972,40.751821583599295,-73.7149667127435,263 street,25,no,Queens,0.00696493806068708,40.7518200223762 -73.7150994265972
19279,40.566908690683604,-74.16974547267542,40.5665091245965,-74.1697650626075,purple heart memorial bridge,30,yes,Staten Island,0.0275895240187458,40.5669086906836 -74.1697454726754
14935,40.6017481210001,-73.746661461,40.6022195050001,-73.74726274300001,hurley court,25,no,Queens,0.0453645421346241,40.6017481210001 -73.746661461
19078,40.52629248,-74.23491281,40.526334375,-74.2361934039999,outerbridge avenue,25,no,Staten Island,0.0674873399999767,40.52629248 -74.23491281
5089,40.692801914177,-73.9520522084426,40.6931794621625,-73.94876904535509,hart street,25,no,Brooklyn,0.17439186601364498,40.692801914177 -73.9520522084426
9207,40.7457399,-73.814452865,40.744628979,-73.8148840739999,153 street,25,no,Queens,0.0799270064384414,40.7457399 -73.814452865
11961,40.731165015,-73.901130344,40.730764381,-73.901459351,63 street,25,no,Queens,0.0325957524395369,40.731165015 -73.901130344
9954,40.7043141930001,-73.76427293099991,40.7029812380001,-73.7636698319999,192 street,25,no,Queens,0.0972765736518862,40.7043141930001 -73.7642729309999
19573,40.597826934765294,-74.1320557904423,40.5981879792919,-74.13259728483679,rupert avenue,25,no,Staten Island,0.0378384405706206,40.5978269347653 -74.1320557904423
9822,40.6704550851341,-73.7718551319088,40.670108495410794,-73.77181485217359,168 place,25,no,Queens,0.0240087444088486,40.6704550851341 -73.7718551319088
2235,40.8869197063794,-73.81703167467201,40.8872867979474,-73.81695755075029,pelham bay park west,25,no,Bronx,0.0256266062967361,40.8869197063794 -73.817031674672
1025,40.83939116,-73.870162453,40.8392539910001,-73.87009614399992,east 180 street,25,yes,Bronx,0.0100829077138787,40.83939116 -73.870162453
15381,40.739351221999996,-73.8436272549999,40.739585692,-73.84282983,meadow lake drive,25,no,Queens,0.0448707969901913,40.739351222 -73.8436272549999
19145,40.597041298716995,-74.09336573743879,40.5968041708758,-74.09263484762009,old town road,25,yes,Staten Island,0.0417793566945749,40.597041298717 -74.0933657374388
4960,40.70275059326529,-73.9942212294262,40.702655723782705,-73.9939537242849,fulton street,25,no,Brooklyn,0.0154979907852904,40.7027505932653 -73.9942212294262
18253,40.618717091420706,-74.0906691904307,40.618448876714396,-74.0907298047367,howard avenue,25,no,Staten Island,0.0187795269498329,40.6187170914207 -74.0906691904307
4796,40.6881556432684,-73.87536146066279,40.6865151188777,-73.8749522466488,euclid avenue,25,yes,Brooklyn,0.11522194822879199,40.6881556432684 -73.8753614606628
2963,40.8404474392979,-73.92073197729891,40.840275151677,-73.92109368192791,west 170 street,25,yes,Bronx,0.0223748724867739,40.8404474392979 -73.9207319772989
17106,40.641252046,-74.106880409,40.6396249960001,-74.106542427,donald place,25,no,Staten Island,0.113665562992863,40.641252046 -74.106880409
9210,40.7716407980001,-73.8256288649999,40.771303097,-73.8256387869999,143 street,25,no,Queens,0.0233081796524816,40.7716407980001 -73.8256288649999
20151,40.525420980793704,-74.2009660580371,40.5252612746881,-74.2013488832443,waterbury avenue,25,no,Staten Island,0.0229722829415586,40.5254209807937 -74.2009660580371
14126,40.7693619122225,-73.7719782949623,40.768303388590496,-73.77167615692909,corporal stone street,25,no,Queens,0.0747412991015263,40.7693619122225 -73.7719782949623
9567,40.730234118000105,-73.812891811,40.729564101,-73.81284054299991,156 street,25,no,Queens,0.0463110773510394,40.7302341180001 -73.812891811
18292,40.5342519536648,-74.15393288829209,40.534034604613296,-74.154139255722,hylan boulevard,40,yes,Staten Island,0.0185188225214711,40.5342519536648 -74.1539328882921
15812,40.768583672198794,-73.7482446285867,40.7686172259043,-73.7477301363367,poplar street,25,no,Queens,0.0270902029854579,40.7685836721988 -73.7482446285867
18636,40.5758132721649,-74.140281557348,40.574878610359605,-74.1416366719948,lighthouse avenue,25,no,Staten Island,0.0961379838262382,40.5758132721649 -74.140281557348
15346,40.728854525416104,-73.9093042560865,40.7285663781359,-73.9088376536347,long island expressway,50,yes,Queens,0.0315476144942251,40.7288545254161 -73.9093042560865
9515,40.795900790689004,-73.8117956040838,40.795115999104205,-73.8117374746047,151 place,25,no,Queens,0.0542388938523374,40.795900790689 -73.8117956040838
1174,40.8768662220985,-73.8592430798042,40.8762045719835,-73.8571846737337,east 212 street,25,no,Bronx,0.11708129445092501,40.8768662220985 -73.8592430798042
18699,40.526269548700796,-74.17444337726,40.5259868531109,-74.17514861121941,lynch street,25,no,Staten Island,0.0419435054720398,40.5262695487008 -74.17444337726
11241,40.7606662072797,-73.9433049831384,40.760359321725396,-73.9424458886668,37 avenue,25,no,Queens,0.0498013112090722,40.7606662072797 -73.9433049831384
12106,40.718214457431294,-73.8937593243333,40.7175829031285,-73.8933222816979,67 street,25,no,Queens,0.0492503170828249,40.7182144574313 -73.8937593243333
3261,40.600094954818395,-74.005345004968,40.5996204743055,-74.0046042639756,20 drive,25,no,Brooklyn,0.0508886154954682,40.6000949548184 -74.005345004968
5473,40.6791244696186,-74.00554371916729,40.6786544443472,-74.0038355549668,luquer street,25,no,Brooklyn,0.095414671870425,40.6791244696186 -74.0055437191673
11731,40.748826585778396,-73.9069332528673,40.748366588847,-73.90713329356659,56 street,20,yes,Queens,0.0334319017820995,40.7488265857784 -73.9069332528673
15780,40.7342895737049,-73.75344775431041,40.73346159487679,-73.7516483637809,peck avenue,25,no,Queens,0.110383703147564,40.7342895737049 -73.7534477543104
9683,40.794516550598395,-73.80412746900741,40.793504834880295,-73.80426970488291,157 street,25,no,Queens,0.07020900024246,40.7945165505984 -73.8041274690074
4020,40.6808884781208,-73.98371283657809,40.6799966842996,-73.9814147647795,butler street,25,no,Brooklyn,0.13549852952739802,40.6808884781208 -73.9837128365781
3395,40.646510738180105,-74.02320688888679,40.645181574370206,-74.0210041883926,57 street,25,no,Brooklyn,0.147695930507713,40.6465107381801 -74.0232068888868
15099,40.64460643364,-73.7942261760971,40.6446092134445,-73.7941294252328,jfk terminal access ramp,25,no,Queens,0.00508872381561073,40.64460643364 -73.7942261760971
17292,40.6140190753201,-74.0895848319744,40.6137705971354,-74.08874574831759,cedar terrace,25,no,Staten Island,0.0473357636323835,40.6140190753201 -74.0895848319744
7727,40.8031147618369,-73.9582502217703,40.8039025472648,-73.9582044471775,morningside avenue,25,no,Manhattan,0.0544127867564302,40.8031147618369 -73.9582502217703
20048,40.5287099130321,-74.2029128591411,40.52840601232771,-74.2040102280895,uncas avenue,25,no,Staten Island,0.0614639295051678,40.5287099130321 -74.2029128591411
8585,40.6907852087704,-73.83925835339029,40.6902327228619,-73.8389867923066,106 street,25,no,Queens,0.0407034775769308,40.6907852087704 -73.8392583533903
6771,40.7994149212616,-73.9552244032835,40.8000088362389,-73.95478309156641,adam clayton powell jr boulevard,25,yes,Manhattan,0.0470642416038268,40.7994149212616 -73.9552244032835
18929,40.5624135742271,-74.1309489309484,40.5623223236164,-74.1309092672488,north railroad avenue,25,no,Staten Island,0.00663327591422092,40.5624135742271 -74.1309489309484
13053,40.694606494694,-73.848654390088,40.69222589391,-73.84748756200129,97 street,25,no,Queens,0.175325301635913,40.694606494694 -73.848654390088
15898,40.7952460110001,-73.8474689129999,40.795143241999995,-73.8464148159999,riviera court,25,no,Queens,0.0557305629551674,40.7952460110001 -73.8474689129999
380,40.860487342000106,-73.80297126800001,40.860585287,-73.80292300100001,city island road,25,no,Bronx,0.0072161478931245205,40.8604873420001 -73.802971268
2601,40.8222415539046,-73.8875221922953,40.8223486937373,-73.8874194141746,sheridan expressway,50,yes,Bronx,0.00914781397822418,40.8222415539046 -73.8875221922953
1057,40.8337017433408,-73.9138454331202,40.8334173453343,-73.91300222966909,east 168 street,25,no,Bronx,0.0483540623119263,40.8337017433408 -73.9138454331202
15880,40.799225203,-73.8210166219999,40.7995625460001,-73.821237831,samos lane,25,no,Queens,0.0260078070326035,40.799225203 -73.8210166219999
3798,40.588916124579605,-73.9929774859222,40.587337854858205,-73.9961645033891,bay 43 street,25,no,Brooklyn,0.19991320254785,40.5889161245796 -73.9929774859222
18669,40.577718068634,-74.117572361775,40.577696207913704,-74.11748531909221,locust avenue,25,no,Staten Island,0.00482145082646445,40.577718068634 -74.117572361775
9495,40.6569600365765,-73.7687029829563,40.6570609351141,-73.7674588626364,150 avenue,25,no,Queens,0.0657472470535187,40.6569600365765 -73.7687029829563
15908,40.7331275820001,-73.73332030599991,40.730993789,-73.73412941899991,range street,25,no,Queens,0.15323997631393302,40.7331275820001 -73.7333203059999
11484,40.735494771,-73.867192898,40.735997598000004,-73.86550202099991,58 avenue,25,no,Queens,0.0952909074804653,40.735494771 -73.867192898
14401,40.7478299858652,-73.7365030268932,40.7479278932577,-73.7364300666942,douglaston parkway,25,no,Queens,0.007765396263494509,40.7478299858652 -73.7365030268932
12526,40.7533095901655,-73.8887502399316,40.751404709160106,-73.888401971174,78 street,20,yes,Queens,0.132706357150523,40.7533095901655 -73.8887502399316
11498,40.753170025,-73.76295287499991,40.753847889,-73.76048760899991,53 avenue,25,no,Queens,0.13755772165736901,40.753170025 -73.7629528749999
14729,40.766650992249495,-73.890667555863,40.766711916821606,-73.8902379317351,grand central parkway sr north,25,no,Queens,0.0229281163631721,40.7666509922495 -73.890667555863
16833,40.512461241992796,-74.2501500113139,40.5118866255673,-74.25114989734979,arthur kill road,25,no,Staten Island,0.0659145628029136,40.5124612419928 -74.2501500113139
1984,40.841809417,-73.7879468949999,40.8425117520001,-73.784720399,pell place,25,no,Bronx,0.17588886181434402,40.841809417 -73.7879468949999
19955,40.598061386,-74.1012656549999,40.5981738850001,-74.101433066,wooddale avenue,25,no,Staten Island,0.0117382210412702,40.598061386 -74.1012656549999
15999,40.6606205830735,-73.80359742478129,40.6606184903511,-73.8035766189657,rental car north,25,no,Queens,0.0011027621461832699,40.6606205830735 -73.8035974247813
19460,40.601100312,-74.10629884,40.60094416,-74.106231827,shady road,25,no,Staten Island,0.0113364076953627,40.601100312 -74.10629884
28,40.908358793000005,-73.853806087,40.908044227000104,-73.853051119,abbot street,25,no,Bronx,0.0450921756828903,40.908358793 -73.853806087
20220,40.62114577176,-74.1337587088972,40.6203039011042,-74.1337045148514,willard avenue,25,no,Staten Island,0.0581598830280817,40.62114577176 -74.1337587088972
9769,40.7217164345658,-73.8036185399636,40.720723075809396,-73.8031882386463,164 place,25,no,Queens,0.0721707347046352,40.7217164345658 -73.8036185399636
8508,40.7536717048853,-73.94756641885509,40.7536218986318,-73.9476078802994,10 street,25,no,Queens,0.00406751342618433,40.7536717048853 -73.9475664188551
11851,40.6968073740611,-73.89677391208642,40.696102540300004,-73.8963101101235,60 street,25,no,Queens,0.0543937258641389,40.6968073740611 -73.8967739120864
19303,40.6341076707325,-74.09935357830491,40.63354895791821,-74.0992543057416,randall avenue,25,no,Staten Island,0.0389035039086198,40.6341076707325 -74.0993535783049
6825,40.81720584,-73.936365892,40.81780129,-73.93596170800001,chisum place,25,no,Manhattan,0.0462297653820086,40.81720584 -73.936365892
4574,40.6622249286376,-73.9304641508998,40.6606647613697,-73.93032126301591,east 51 street,25,no,Brooklyn,0.10791559687985801,40.6622249286376 -73.9304641508998
11277,40.7787873027918,-73.9001685452421,40.7769728621079,-73.9023878139464,38 street,25,no,Queens,0.17095860655884101,40.7787873027918 -73.9001685452421
17156,40.6341376890001,-74.159282272,40.6339556180001,-74.1592853019999,bush avenue,25,no,Staten Island,0.0125641467956592,40.6341376890001 -74.159282272
2636,40.8138128450868,-73.891117429126,40.8137792149388,-73.89097940387641,spofford avenue,25,no,Bronx,0.007599089061116991,40.8138128450868 -73.891117429126
6468,40.5968017723839,-73.9749283874351,40.5966594888444,-73.9746787770039,village road north,25,no,Brooklyn,0.0163935394937389,40.5968017723839 -73.9749283874351
9488,40.786598775413204,-73.8177267696746,40.7864845030574,-73.8162701413539,15 road,25,no,Queens,0.076802330084795,40.7865987754132 -73.8177267696746
5271,40.6824292398176,-73.957536032362,40.68260759066779,-73.9559674753187,jefferson avenue,25,no,Brooklyn,0.0833090748701059,40.6824292398176 -73.957536032362
10824,40.7690510190001,-73.84134443100001,40.769101117,-73.841359852,31 avenue,25,no,Queens,0.0035503099397065797,40.7690510190001 -73.841344431
14617,40.605180116999996,-73.75905011899991,40.6055289490001,-73.760875662,healy avenue,25,no,Queens,0.0989761911344191,40.605180117 -73.7590501189999
793,40.8363531138052,-73.8765524067681,40.8363208937943,-73.87656866291341,cross bronx expressway sr south,25,no,Bronx,0.00238094360400246,40.8363531138052 -73.8765524067681
2718,40.8781627990001,-73.84004096099991,40.878420786999996,-73.83922247299991,tillotson avenue,25,no,Bronx,0.0464179768238868,40.8781627990001 -73.8400409609999
16106,40.7076393546725,-73.915840935211,40.7072002822673,-73.91510335443621,seneca avenue,25,yes,Queens,0.049172433690144,40.7076393546725 -73.915840935211
14733,40.750989133341896,-73.7280354179002,40.7515035770285,-73.727586222726,grand central parkway sr north,25,no,Queens,0.0426113847456175,40.7509891333419 -73.7280354179002
10360,40.6795208030001,-73.75252072599991,40.679119804,-73.752772979,217 street,25,no,Queens,0.030679104663912,40.6795208030001 -73.7525207259999
9478,40.6731664502715,-73.7890188478415,40.6714569226989,-73.7894211622568,149 street,25,no,Queens,0.119839110981905,40.6731664502715 -73.7890188478415
8542,40.6988334701886,-73.84700544984159,40.6981674826433,-73.8467123059281,102 street,25,no,Queens,0.0484646553900942,40.6988334701886 -73.8470054498416
4662,40.6415414080001,-73.88800222100001,40.64291683,-73.885873397,flatlands 6 street,25,no,Brooklyn,0.146721348918048,40.6415414080001 -73.888002221
8621,40.6973001728647,-73.7846221693776,40.6973372932815,-73.78455514200621,109 avenue,25,no,Queens,0.00435336973314179,40.6973001728647 -73.7846221693776
13619,40.732582055217705,-73.75437708133721,40.73085096100311,-73.75355752196201,bell boulevard,25,no,Queens,0.126960231117903,40.7325820552177 -73.7543770813372
2099,40.8471967577243,-73.92133998285391,40.847272075945604,-73.9212788919073,montgomery avenue,25,no,Bronx,0.0061039871247876,40.8471967577243 -73.9213399828539
7858,40.814796406,-73.93613697599991,40.814879499,-73.936702075,west 138 street,25,no,Manhattan,0.0301751834565376,40.814796406 -73.9361369759999
16963,40.550261290826,-74.2213171349778,40.5510567609608,-74.22168290544171,bloomingdale road,25,no,Staten Island,0.0581659381137426,40.550261290826 -74.2213171349778
2585,40.842168168826,-73.9276303637503,40.8422560847505,-73.927566989425,sedgwick avenue,25,yes,Bronx,0.00691607499438806,40.842168168826 -73.9276303637503
15687,40.744741764000004,-73.933589758,40.7446265390001,-73.9326363059999,queens boulevard,25,no,Queens,0.0506652810062306,40.744741764 -73.933589758
16503,40.6747537815618,-73.76367814423091,40.6747581810453,-73.7636268001367,westgate street,25,no,Queens,0.00271439727006058,40.6747537815618 -73.7636781442309
18241,40.5211392096069,-74.196055406232,40.5200070036204,-74.1951915822257,holten avenue,25,no,Staten Island,0.0903991991858315,40.5211392096069 -74.196055406232
5395,40.5950524138379,-73.9820338436869,40.595058221659706,-73.9815787246783,lake place,25,no,Brooklyn,0.023941626014933996,40.5950524138379 -73.9820338436869
9827,40.7229061512979,-73.80017683629191,40.721602620864296,-73.79962171626909,168 street,25,no,Queens,0.0945500025666046,40.7229061512979 -73.8001768362919
1568,40.8149062003609,-73.92892805938241,40.8165648343996,-73.92830285968921,grand concourse,25,yes,Bronx,0.119052111419336,40.8149062003609 -73.9289280593824
1497,40.870995345259,-73.8472528560344,40.871955878760794,-73.8477632878454,fish avenue,25,no,Bronx,0.0714702550988135,40.870995345259 -73.8472528560344
17783,40.6249882861805,-74.12473309395709,40.6248721477315,-74.1262319157702,egbert avenue,25,no,Staten Island,0.0792061097749718,40.6249882861805 -74.1247330939571
8869,40.6796115640225,-73.8034832810285,40.679848809674894,-73.8026442989952,116 avenue,25,no,Queens,0.047015013456599,40.6796115640225 -73.8034832810285
18356,40.585029742128896,-74.0951796214424,40.584677066693295,-74.09561761825842,joyce street,25,no,Staten Island,0.0335124073771045,40.5850297421289 -74.0951796214424
7479,40.8493035131467,-73.9389698407855,40.850002550777205,-73.9386550708748,ft washington avenue,20,yes,Manhattan,0.0509781295817744,40.8493035131467 -73.9389698407855
4409,40.614698463,-73.9193723019999,40.613063255,-73.91756282599991,east 57 street,25,no,Brooklyn,0.147593908781856,40.614698463 -73.9193723019999
19833,40.538128323963,-74.1796837232252,40.537110704195705,-74.1806496049952,tenafly place,25,no,Staten Island,0.0866929378698132,40.538128323963 -74.1796837232252
7879,40.7462085118135,-73.9738899708454,40.746259543842896,-73.9740073008962,queens midtown tunnel exit,25,no,Manhattan,0.00709316385637332,40.7462085118135 -73.9738899708454
13449,40.593758176099,-73.77454347889841,40.5957436183733,-73.77477261266591,beach 43 street,25,no,Queens,0.137526279517168,40.593758176099 -73.7745434788984
15837,40.714245325661295,-73.8305944565689,40.71407824061829,-73.8302314137487,queens boulevard,25,yes,Queens,0.0222768517482985,40.7142453256613 -73.8305944565689
1841,40.8772477280003,-73.9178026362826,40.877255722074,-73.9178509937283,kappock street,25,no,Bronx,0.00259213737865725,40.8772477280003 -73.9178026362826
14099,40.7250853390173,-73.7722484054396,40.7250104218935,-73.7722558095579,connector,50,no,Queens,0.0051840529541337,40.7250853390173 -73.7722484054396
18591,40.5892410060001,-74.08463575399999,40.58893347,-74.08487289399991,mason avenue,25,no,Staten Island,0.024615084467073996,40.5892410060001 -74.084635754
7021,40.8100025021138,-73.9650475711884,40.8099792933098,-73.9649951362165,connector,25,no,Manhattan,0.00318156162320544,40.8100025021138 -73.9650475711884
19462,40.585588186,-74.100352036,40.585368302000106,-74.10000616100001,seaver avenue,25,no,Staten Island,0.0236906646120179,40.585588186 -74.100352036
5243,40.7323819839415,-73.96212271868849,40.7325666903006,-73.9597133530887,huron street,25,no,Brooklyn,0.127108173669245,40.7323819839415 -73.9621227186885
16301,40.7582919709977,-73.7401975596696,40.7587640764011,-73.7394134749518,thornhill avenue,25,no,Queens,0.0524764581008446,40.7582919709977 -73.7401975596696
13571,40.638451999000004,-73.741927553,40.638349529,-73.741726905,brookville boulevard,25,no,Queens,0.0126975820336613,40.638451999 -73.741927553
11319,40.773609087389495,-73.7397649947587,40.7740557680593,-73.7389898304163,41 avenue,25,no,Queens,0.0510245727881344,40.7736090873895 -73.7397649947587
1270,40.843649906218296,-73.9130301967861,40.8436532759779,-73.9129014651305,east mt eden avenue,20,yes,Bronx,0.0067498448282787395,40.8436499062183 -73.9130301967861
19307,40.542429489929106,-74.1863795346877,40.5420082411874,-74.18792604664971,rathbun avenue,25,no,Staten Island,0.0864405826312682,40.5424294899291 -74.1863795346877
10897,40.7528018203478,-73.728636935746,40.75239796359521,-73.72831832662949,246 street,25,no,Queens,0.0324976680821112,40.7528018203478 -73.728636935746
13038,40.6980983823345,-73.84993425396259,40.697245416742604,-73.84974234673192,96 street,25,no,Queens,0.0597130652716776,40.6980983823345 -73.8499342539626
5101,40.604566467,-73.96876683800001,40.6046406680001,-73.968165077,kings highway,25,yes,Brooklyn,0.0320583054847412,40.604566467 -73.968766838
16712,40.5404711030001,-74.168916741,40.540118140000104,-74.1687397589999,arden avenue,25,no,Staten Island,0.026075633829345,40.5404711030001 -74.168916741
8658,40.705924594844205,-73.7523594550248,40.7063155903923,-73.7508324007947,110 avenue,25,no,Queens,0.0846037772344553,40.7059245948442 -73.7523594550248
7443,40.769642946764606,-73.9483999599901,40.7698178217352,-73.94822787201859,f d r drive,25,no,Manhattan,0.0150702329193985,40.7696429467646 -73.9483999599901
8846,40.705941775,-73.82267549699999,40.7059494210001,-73.82272853599991,130 street,25,no,Queens,0.00283464260793632,40.705941775 -73.822675497
153,40.8582970780478,-73.91020960808692,40.860048645328796,-73.9086102312771,andrews avenue north,25,no,Bronx,0.147069565640349,40.8582970780478 -73.9102096080869
3459,40.6326715091828,-74.0361313670689,40.632152236136896,-74.0339370779338,76 street,25,no,Brooklyn,0.120787344977571,40.6326715091828 -74.0361313670689
5770,40.6728772800001,-73.97547852799991,40.6719417560001,-73.97626451799991,polhemus place,25,no,Brooklyn,0.0766305009050106,40.6728772800001 -73.9754785279999
1197,40.8897241954153,-73.863809987341,40.889436329622995,-73.8629492875795,east 226 street,25,no,Bronx,0.0492548012206373,40.8897241954153 -73.863809987341
7134,40.7947058866674,-73.9363623608343,40.7940037140003,-73.9346595907675,east 114 street,25,no,Manhattan,0.101593824421529,40.7947058866674 -73.9363623608343
18543,40.606831905,-74.063934327,40.6058264440001,-74.06614747899991,lyman avenue,25,yes,Staten Island,0.135496542543533,40.606831905 -74.063934327
16584,40.510442504000004,-74.224520699,40.510060216999996,-74.22639235799991,bartow avenue,25,no,Staten Island,0.10203786728806499,40.510442504 -74.224520699
16615,40.619330651,-74.16653085899999,40.61872393,-74.166663596,bee court,25,no,Staten Island,0.0424421892273434,40.619330651 -74.166530859
14320,40.7521855770028,-73.7285695927125,40.75239796359521,-73.72831832662949,cullman avenue,25,no,Queens,0.0197134915861265,40.7521855770028 -73.7285695927125
12309,40.7116679600001,-73.83197045600001,40.713048128000004,-73.82981104899991,81 avenue,25,no,Queens,0.148070876304719,40.7116679600001 -73.831970456
4781,40.5839772052839,-73.9387530987764,40.5839822091117,-73.9386804299579,emmons avenue,25,yes,Brooklyn,0.0038383985408826,40.5839772052839 -73.9387530987764
19519,40.5841282660001,-74.161872648,40.584118275,-74.162073702,staten is mall drive,25,no,Staten Island,0.0105991692691491,40.5841282660001 -74.161872648
9695,40.7157526784434,-73.8068241284307,40.714535321048295,-73.8063639111655,159 street,25,no,Queens,0.087406676311549,40.7157526784434 -73.8068241284307
16342,40.7172126090747,-73.8190800002418,40.71726759272521,-73.818872934938,union turnpike,25,yes,Queens,0.0115143534095074,40.7172126090747 -73.8190800002418
13159,40.557327291,-73.910259044,40.557322648,-73.9100797019999,beach 201 street,25,no,Queens,0.0094437361061807,40.557327291 -73.910259044
2383,40.851255585,-73.800366504,40.85102744,-73.7993649219999,rodmans neck path,25,no,Bronx,0.0547899455841585,40.851255585 -73.800366504
14978,40.7380829491688,-73.79584941641741,40.7382460888859,-73.7952128187165,horace harding expressway sr s,30,yes,Queens,0.0352575351204792,40.7380829491688 -73.7958494164174
15539,40.7034385854224,-73.91181324678391,40.7034432097364,-73.91180851904791,menahan street,25,no,Queens,0.00040429289196764,40.7034385854224 -73.9118132467839
17193,40.514526632000106,-74.2000041789999,40.5143924010001,-74.20068919100001,broken shell road,25,no,Staten Island,0.0372434076224393,40.5145266320001 -74.2000041789999
18764,40.611499960055106,-74.1402453677295,40.609856604598704,-74.1401286339293,martin avenue,25,no,Staten Island,0.113559246507388,40.6114999600551 -74.1402453677295
11689,40.718562826913,-73.91516828458859,40.7162314379306,-73.9139034223051,54 street,25,no,Queens,0.174038839179591,40.718562826913 -73.9151682845886
12200,40.758068323994,-73.8971926697059,40.7565196410686,-73.8969097807617,70 street,25,no,Queens,0.107889379166754,40.758068323994 -73.8971926697059
18331,40.524505642721294,-74.18074158135892,40.5240559277389,-74.1804327226919,jarvis avenue,25,no,Staten Island,0.0350335194185138,40.5245056427213 -74.1807415813589
8775,40.669858579,-73.800633491,40.6699444390001,-73.799325927,132 avenue,25,no,Queens,0.0689532654037548,40.669858579 -73.800633491
3183,40.8299656663825,-73.9300890256879,40.8303868126014,-73.92973897987,woodycrest avenue,25,no,Bronx,0.0343676097511071,40.8299656663825 -73.9300890256879
15269,40.7106117021684,-73.82772296893991,40.7098203626197,-73.8289642294156,lefferts boulevard,25,yes,Queens,0.0850262156296165,40.7106117021684 -73.8277229689399
4274,40.683513243041794,-73.9115133453646,40.6849478100934,-73.9101333509733,cooper street,25,no,Brooklyn,0.12269121638680199,40.6835132430418 -73.9115133453646
8692,40.6958653531036,-73.7747882950437,40.6962721290556,-73.77402337308021,112 avenue,25,no,Queens,0.0490068693247657,40.6958653531036 -73.7747882950437
3019,40.8853150469519,-73.8982598807888,40.8856197768313,-73.89930377964559,west 239 street,25,no,Bronx,0.0585731350723583,40.8853150469519 -73.8982598807888
1212,40.8968788904485,-73.8764388493734,40.8968657711385,-73.875735846632,east 235 street,25,no,Bronx,0.0368207620923429,40.8968788904485 -73.8764388493734
4113,40.63567570000001,-73.927129114,40.6359429660001,-73.927087367,connector,25,no,Brooklyn,0.0185718144662935,40.6356757 -73.927129114
9136,40.7245044965853,-73.8261794238413,40.7242000607843,-73.8261013761775,136 street,25,no,Queens,0.021402631789255003,40.7245044965853 -73.8261794238413
13671,40.7260029217974,-73.8984259343094,40.7259732396734,-73.8981017107253,borden avenue,25,no,Queens,0.017142934730725,40.7260029217974 -73.8984259343094
18275,40.503049806203606,-74.2505225311898,40.502887262737005,-74.25136481823179,hylan boulevard,25,no,Staten Island,0.0457589280396054,40.5030498062036 -74.2505225311898
10444,40.7299683360001,-73.742408486,40.729927133000004,-73.74242280399992,221 street,25,no,Queens,0.00294077083593331,40.7299683360001 -73.742408486
13344,40.607216255326,-73.76243507791649,40.60762429842271,-73.76201617370741,bay 24 street,25,no,Queens,0.0357493971444274,40.607216255326 -73.7624350779165
10566,40.7158677143236,-73.73355891271359,40.7151769027919,-73.73343483864691,220 street,25,no,Queens,0.0481106370813258,40.7158677143236 -73.7335589127136
19616,40.5132094797337,-74.1968522388397,40.5126201836746,-74.1970604318934,seguine avenue,25,no,Staten Island,0.0421135583565838,40.5132094797337 -74.1968522388397
16105,40.7107988169119,-73.9212221572767,40.7107436668867,-73.92112162296449,seneca avenue,25,no,Queens,0.00650743647092106,40.7107988169119 -73.9212221572767
10561,40.6753481578912,-73.75147495830271,40.6747082326988,-73.75179667907341,220 street,25,no,Queens,0.0472801935607825,40.6753481578912 -73.7514749583027
9371,40.6692014490877,-73.7724890640191,40.6691222287079,-73.7717063570627,144 avenue,25,no,Queens,0.0414849168065636,40.6692014490877 -73.7724890640191
15262,40.7478422580139,-73.83300441482191,40.74744868770679,-73.83306101725209,lawrence street,25,no,Queens,0.0273193633863958,40.7478422580139 -73.8330044148219
419,40.855059616999995,-73.9017186299999,40.855311778,-73.90130269,connector,25,no,Bronx,0.0278868772721472,40.855059617 -73.9017186299999
15135,40.732096100999996,-73.91902322600001,40.732031303,-73.918897949,long island expressway,50,yes,Queens,0.00795192042822858,40.732096101 -73.919023226
15379,40.742093381000096,-73.902954767,40.741957512000106,-73.90228354,mackintosh street,25,no,Queens,0.0364538686836354,40.7420933810001 -73.902954767
10064,40.7088312225829,-73.7786674091736,40.7087906181926,-73.7786576884016,182 place,25,no,Queens,0.00284790652181462,40.7088312225829 -73.7786674091736
133,40.845470297716105,-73.9280398259771,40.8454574347129,-73.92799454601149,alexander hamilton bridge,25,no,Bronx,0.00253329534090972,40.8454702977161 -73.9280398259771
2693,40.8768737870001,-73.879732029,40.876898769,-73.879415082,van cortlandt avenue east,20,yes,Bronx,0.0166897888998096,40.8768737870001 -73.879732029
5590,40.714394604127705,-73.93000434192679,40.714424683752206,-73.9298901514093,metropolitan avenue,25,no,Brooklyn,0.0063445623061776,40.7143946041277 -73.9300043419268
4412,40.6116461060001,-73.9128650179999,40.6110133130001,-73.9105250969999,east 60 place,25,no,Brooklyn,0.13056240657551801,40.6116461060001 -73.9128650179999
8898,40.707105535092396,-73.8349826481307,40.70526398794271,-73.8341997882896,118 street,25,no,Queens,0.133554795549,40.7071055350924 -73.8349826481307
20313,40.5879789042031,-74.09656246488579,40.587305491855,-74.097479229283,zoe street,25,no,Staten Island,0.0669682734457563,40.5879789042031 -74.0965624648858
1615,40.8683954214116,-73.9079279911838,40.8688600408582,-73.9072235387353,heath avenue,25,no,Bronx,0.0488833916825473,40.8683954214116 -73.9079279911838
3558,40.625930371,-73.933859023,40.625520436,-73.933827233,avenue k,25,no,Brooklyn,0.0283353431578758,40.625930371 -73.933859023
11881,40.7152443570001,-73.899905729,40.714378954000004,-73.89966886100001,62 street,25,no,Queens,0.060996071821083,40.7152443570001 -73.899905729
10686,40.7590794974209,-73.935061302637,40.757816333956704,-73.9362265632053,23 street,25,yes,Queens,0.106467695938625,40.7590794974209 -73.935061302637
8515,40.7150061314278,-73.73090783902549,40.714845559275204,-73.7302647302331,100 road,25,no,Queens,0.0355370436917987,40.7150061314278 -73.7309078390255
13853,40.6700579390001,-73.8479463849999,40.6700482460001,-73.84785720100001,connector,30,no,Queens,0.00473311636132451,40.6700579390001 -73.8479463849999
17592,40.554876536,-74.1796590169999,40.554968563,-74.178919905,forrestal court,25,no,Staten Island,0.0394137960131702,40.554876536 -74.1796590169999
4498,40.6300837612566,-73.9504146958815,40.6288610142245,-73.95017799611759,east 27 street,25,no,Brooklyn,0.08528375936043901,40.6300837612566 -73.9504146958815
16320,40.719671187375496,-73.7876746419711,40.719814051876995,-73.787732893758,tudor road,25,no,Queens,0.0103214574759384,40.7196711873755 -73.7876746419711
12498,40.7262901616617,-73.7935294838985,40.726319272716296,-73.79322652298559,77 road,25,no,Queens,0.016030238160666,40.7262901616617 -73.7935294838985
18379,40.560859215680296,-74.1468290948868,40.5597907482445,-74.14863648398659,kennington street,25,no,Staten Island,0.120341137415024,40.5608592156803 -74.1468290948868
8186,40.825402148390495,-73.93621813565841,40.825438775978796,-73.93630746082059,west 151 street,25,no,Manhattan,0.0053207387996825894,40.8254021483905 -73.9362181356584
10194,40.7110474758604,-73.7649865777683,40.7106877524379,-73.7645571667798,195 street,25,no,Queens,0.0335333858067138,40.7110474758604 -73.7649865777683
5073,40.579275358970705,-73.9533429631072,40.5793808080779,-73.9523707420161,hampton avenue,25,no,Brooklyn,0.0516636277185919,40.5792753589707 -73.9533429631072
17423,40.525775144607294,-74.2319623246016,40.5256350841918,-74.2318920569728,connector,50,no,Staten Island,0.0103481477162115,40.5257751446073 -74.2319623246016
10991,40.6528012269951,-73.7268997962885,40.6527092236518,-73.7269006110743,262 street,25,no,Queens,0.00634851606676425,40.6528012269951 -73.7268997962885
3916,40.6259786753756,-73.9099781180956,40.6260062683746,-73.9099563688913,bergen court,25,no,Brooklyn,0.00222091362582841,40.6259786753756 -73.9099781180956
9674,40.698001663845794,-73.7978633150399,40.6963577202326,-73.7966618711484,157 street,25,no,Queens,0.12980314418720298,40.6980016638458 -73.7978633150399
5012,40.6451894659212,-74.0173146639406,40.6449461201674,-74.0175986581516,gowanus expressway,50,yes,Brooklyn,0.0224664274751785,40.6451894659212 -74.0173146639406
13865,40.5625508818178,-73.8951012890932,40.5618657189278,-73.8950437279856,center road,25,no,Queens,0.0473734838894098,40.5625508818178 -73.8951012890932
13700,40.6713022725818,-73.8380612496269,40.6710521864093,-73.83699172818571,bristol avenue,25,no,Queens,0.0587807170596182,40.6713022725818 -73.8380612496269
10558,40.763891035842704,-73.7617697288898,40.7628695184136,-73.76147829278891,220 place,25,no,Queens,0.0721269800834405,40.7638910358427 -73.7617697288898
873,40.807056386942705,-73.93003278388579,40.8061707004176,-73.9279819429123,east 132 street,25,no,Bronx,0.123683397345845,40.8070563869427 -73.9300327838858
1318,40.835100993000005,-73.844229137,40.835763179000004,-73.845262964,green avenue,25,no,Bronx,0.07087699752723599,40.835100993 -73.844229137
1207,40.89341973633179,-73.8573642278768,40.8928606907683,-73.8556646845775,east 233 street,25,yes,Bronx,0.09699536243775,40.8934197363318 -73.8573642278768
